name,position_error,angle_error,normalized_position_error,normalized_angle_error,num_aircrafts_for_normalization,number_of_missed_aircrafts,intersection_distances,distances_from_red_aircraft,num_aircrafts
./1566954358/Task_1_1_1_secondary.json,62.14962686336267,9.71535828826552,31.074813431681335,4.85767914413276,2,0,0.0,0.0,2
./1566954358/Task_1_3_6.json,260.00534590901464,61.3139037121374,65.00133647725366,15.32847592803435,4,0,0.0,0.0,4
./1566954358/Task_1_3_1.json,246.82547599490437,32.006403233465704,61.70636899872609,8.001600808366426,4,0,0.0,0.0,4
./1566954358/Task_1_1_7_secondary.json,126.64619338603052,67.69698474700994,63.32309669301526,33.84849237350497,2,0,0.0,0.0,2
./1566954358/Task_1_5_9_secondary.json,575.2480751298831,230.97469600168984,95.87467918831385,38.49578266694831,6,0,0.0,0.0,6
./1566954358/Task_1_1_9.json,143.25447163964884,10.219987872693899,71.62723581982442,5.1099939363469495,2,0,0.0,0.0,2
./1566954358/Task_1_5_6_secondary.json,295.2618925936178,123.03828304084517,49.21031543226963,20.506380506807528,6,0,0.0,0.0,6
./1566954358/Task_1_1_8.json,73.39239066472877,10.636636696361904,36.69619533236438,5.318318348180952,2,0,0.0,0.0,2
./1566954358/Task_1_1_10_secondary.json,62.12903184050862,2.350204715266372,31.06451592025431,1.175102357633186,2,0,0.0,0.0,2
./1566954358/Task_1_5_5_secondary.json,269.67206861357533,113.80993877951053,53.934413722715064,22.761987755902105,5,1,51.37432527158012,55.80322571321482,6
./1566954358/Task_1_5_1_secondary.json,456.7558387439383,386.0928595497969,91.35116774878766,77.21857190995938,5,1,-734.3137655675681,353.30581653859025,6
./1566954358/Task_1_1_6.json,55.059928172283335,8.725396157184193,27.529964086141668,4.362698078592096,2,0,0.0,0.0,2
./1566954358/Task_1_3_4_secondary.json,572.9050918163939,134.40758698902653,143.22627295409848,33.60189674725663,4,0,0.0,0.0,4
./1566954358/Task_1_5_2.json,364.94157887837866,131.34421912225912,72.98831577567573,26.268843824451825,5,1,-512.7342572418446,434.9942528355978,6
./1566954358/Task_1_1_4.json,51.36193544241357,3.635522328533497,25.680967721206784,1.8177611642667486,2,0,0.0,0.0,2
./1566954358/Task_1_3_10.json,262.36025002734596,28.0865738485016,65.59006250683649,7.0216434621254,4,0,0.0,0.0,4
./1566954358/Task_1_1_5_secondary.json,103.5651657845933,5.327578390942181,51.78258289229665,2.6637891954710904,2,0,0.0,0.0,2
./1566954358/Task_1_3_5_secondary.json,270.3669783594178,18.75488692633869,67.59174458985446,4.688721731584672,4,0,0.0,0.0,4
./1566954358/Task_1_5_4_secondary.json,896.4492359078556,404.83838970961,179.28984718157113,80.967677941922,5,1,110.7203423408009,390.3857067055606,6
./1566954358/Task_1_3_8.json,176.36410126802076,20.75284970035038,44.09102531700519,5.188212425087595,4,0,0.0,0.0,4
./1566954358/Task_1_3_7_secondary.json,606.9102512428344,210.90122959319126,151.7275628107086,52.725307398297815,4,0,0.0,0.0,4
./1566954358/Task_1_1_3.json,54.22651478960759,9.673468857359332,27.113257394803796,4.836734428679666,2,0,0.0,0.0,2
./1566954358/Task_1_3_2.json,84.34020145425697,37.22405490281531,21.085050363564243,9.306013725703828,4,0,0.0,0.0,4
./1566954358/Task_1_1_2_secondary.json,114.45942798280691,5.6268166858967845,57.22971399140346,2.8134083429483923,2,0,0.0,0.0,2
./1566954358/Task_1_3_3.json,267.0172973893971,24.10997439689706,66.75432434734927,6.027493599224265,4,0,0.0,0.0,4
./1566954358/Task_1_5_10_secondary.json,409.85679532982573,211.48506962298984,68.30946588830429,35.24751160383164,6,0,0.0,0.0,6
./1566954358/Task_1_5_7.json,352.1639635062574,257.2561879452849,70.43279270125149,51.45123758905699,5,1,298.8114548819815,300.0933188193299,6
./1566954358/Task_1_5_3_secondary.json,349.34166769551916,292.6121995139758,69.86833353910383,58.522439902795156,5,1,-186.8639535303271,403.6000495540108,6
./1566954358/Task_1_3_9.json,296.1582814850632,58.671894762212204,74.0395703712658,14.667973690553051,4,0,0.0,0.0,4
./9115601756/Task_1_5_8.json,222.62101943683075,61.90985663411739,37.10350323947179,10.318309439019565,6,0,0.0,0.0,6
./9115601756/Task_1_1_8_secondary.json,22.12807073918301,7.97916666053127,11.064035369591505,3.989583330265635,2,0,0.0,0.0,2
./9115601756/Task_1_3_6.json,193.10257697343044,32.46450444672892,48.27564424335761,8.11612611168223,4,0,0.0,0.0,4
./9115601756/Task_1_3_9_secondary.json,276.30427850136385,209.52189497230574,69.07606962534096,52.380473743076436,4,0,0.0,0.0,4
./9115601756/Task_1_5_9_secondary.json,251.7845961147351,192.5437796091109,50.35691922294702,38.508755921822186,5,1,-185.13028149551613,348.2427314388629,6
./9115601756/Task_1_1_9.json,52.689627502360835,0.3249255449763666,26.344813751180418,0.1624627724881833,2,0,0.0,0.0,2
./9115601756/Task_1_1_10_secondary.json,62.47334323551516,5.644745303523209,31.23667161775758,2.8223726517616043,2,0,0.0,0.0,2
./9115601756/Task_1_5_3.json,354.1712099215457,218.0253868397009,59.028534986924285,36.337564473283486,6,0,0.0,0.0,6
./9115601756/Task_1_3_10.json,160.12575236337887,51.138340435769734,40.031438090844716,12.784585108942434,4,0,0.0,0.0,4
./9115601756/Task_1_3_2_secondary.json,140.6545047896986,26.51498499336767,35.16362619742465,6.628746248341917,4,0,0.0,0.0,4
./9115601756/Task_1_3_5_secondary.json,555.1168737077767,136.0201796525532,138.77921842694417,34.0050449131383,4,0,0.0,0.0,4
./9115601756/Task_1_1_1.json,32.08308204722718,0.8680518076289161,16.04154102361359,0.43402590381445805,2,0,0.0,0.0,2
./9115601756/Task_1_5_4_secondary.json,362.22382918583224,72.3711537417036,60.370638197638705,12.0618589569506,6,0,0.0,0.0,6
./9115601756/Task_1_3_8.json,223.1233925804803,28.215045925468544,55.780848145120075,7.053761481367136,4,0,0.0,0.0,4
./9115601756/Task_1_3_7_secondary.json,238.55425928942404,30.317295696885992,59.63856482235601,7.579323924221498,4,0,0.0,0.0,4
./9115601756/Task_1_1_7.json,74.02802420893804,44.7873773794571,37.01401210446902,22.39368868972855,2,0,0.0,0.0,2
./9115601756/Task_1_1_5.json,29.79461146622948,2.577926759948315,14.89730573311474,1.2889633799741576,2,0,0.0,0.0,2
./9115601756/Task_1_5_5.json,327.05389134847826,232.87020452422047,54.50898189141304,38.81170075403674,6,0,0.0,0.0,6
./9115601756/Task_1_5_6.json,459.6251043470913,70.5549981323971,76.60418405784854,11.759166355399516,6,0,0.0,0.0,6
./9115601756/Task_1_5_2_secondary.json,231.72168349845964,52.99146350093156,38.62028058307661,8.831910583488593,6,0,0.0,0.0,6
./9115601756/Task_1_1_2_secondary.json,33.518284528683196,6.454762228706237,16.759142264341598,3.2273811143531184,2,0,0.0,0.0,2
./9115601756/Task_1_5_1.json,611.212874601586,109.02054835086575,101.86881243359767,18.17009139181096,6,0,0.0,0.0,6
./9115601756/Task_1_3_3_secondary.json,217.72617267225428,117.571811335112,54.43154316806357,29.392952833778,4,0,0.0,0.0,4
./9115601756/Task_1_5_10_secondary.json,264.3376528390206,93.74627278230656,44.0562754731701,15.624378797051094,6,0,0.0,0.0,6
./9115601756/Task_1_5_7.json,324.5665416961986,35.1365974459098,64.91330833923972,7.02731948918196,5,1,-67.49317786074178,224.28999086004708,6
./9115601756/Task_1_3_4.json,174.10928454777383,20.747224309158184,43.527321136943456,5.186806077289546,4,0,0.0,0.0,4
./9115601756/Task_1_1_4_secondary.json,46.51924762846885,5.597865402153374,23.259623814234423,2.798932701076687,2,0,0.0,0.0,2
./9115601756/Task_1_3_1_secondary.json,131.85411430975785,37.30787908664127,32.96352857743946,9.326969771660318,4,0,0.0,0.0,4
./9115601756/Task_1_1_3_secondary.json,43.65552006446556,8.736988551878767,21.82776003223278,4.368494275939383,2,0,0.0,0.0,2
./7799738638/Task_1_1_2.json,123.02227649473039,6.638417720808661,61.511138247365196,3.3192088604043306,2,0,0.0,0.0,2
./7799738638/Task_1_5_8.json,553.7092326599286,196.09260185067325,110.74184653198571,39.21852037013465,5,1,-104.99505246025014,187.85632808079689,6
./7799738638/Task_1_1_8_secondary.json,210.26781210763193,2.267303627635492,105.13390605381596,1.133651813817746,2,0,0.0,0.0,2
./7799738638/Task_1_1_6_secondary.json,57.08106681206542,4.2312610271735025,28.54053340603271,2.1156305135867512,2,0,0.0,0.0,2
./7799738638/Task_1_3_8_secondary.json,433.49584434029,19.20046287229698,108.3739610850725,4.800115718074245,4,0,0.0,0.0,4
./7799738638/Task_1_3_1.json,400.84757839820264,38.6588257730243,100.21189459955066,9.664706443256074,4,0,0.0,0.0,4
./7799738638/Task_1_1_7_secondary.json,98.74473274248794,62.7582583809596,49.37236637124397,31.3791291904798,2,0,0.0,0.0,2
./7799738638/Task_1_1_10_secondary.json,48.14622254377336,3.91724481142586,24.07311127188668,1.95862240571293,2,0,0.0,0.0,2
./7799738638/Task_1_3_6_secondary.json,267.89562460766473,38.702432023620524,66.97390615191618,9.675608005905131,4,0,0.0,0.0,4
./7799738638/Task_1_5_3.json,606.3384678564718,85.21315141355652,101.05641130941196,14.20219190225942,6,0,0.0,0.0,6
./7799738638/Task_1_3_10.json,767.0007752711367,237.14940790630587,191.75019381778418,59.28735197657647,4,0,0.0,0.0,4
./7799738638/Task_1_3_2_secondary.json,180.1294672418026,39.30326382270745,45.03236681045065,9.825815955676863,4,0,0.0,0.0,4
./7799738638/Task_1_1_5_secondary.json,285.7362952177199,0.07726256730512837,142.86814760885994,0.038631283652564186,2,0,0.0,0.0,2
./7799738638/Task_1_3_5.json,421.7720812258813,30.09839876062289,105.44302030647033,7.524599690155722,4,0,0.0,0.0,4
./7799738638/Task_1_1_1.json,58.90292638501711,4.6299143343904205,29.451463192508555,2.3149571671952103,2,0,0.0,0.0,2
./7799738638/Task_1_5_4_secondary.json,560.5816623046601,318.45006052605675,112.11633246093201,63.69001210521135,5,1,192.30299432936832,500.8013578256353,6
./7799738638/Task_1_5_9.json,603.6660104020116,68.22054637339387,120.73320208040232,13.644109274678774,5,1,-185.13028149551613,348.2427314388629,6
./7799738638/Task_1_3_7_secondary.json,364.5501821120685,39.88143777826417,91.13754552801713,9.970359444566043,4,0,0.0,0.0,4
./7799738638/Task_1_1_3.json,87.25074569004252,4.862401780637867,43.62537284502126,2.4312008903189337,2,0,0.0,0.0,2
./7799738638/Task_1_5_5.json,476.2528740084868,65.10030562393797,79.37547900141446,10.850050937322996,6,0,0.0,0.0,6
./7799738638/Task_1_5_6.json,392.75542845483767,94.59970916924591,78.55108569096754,18.919941833849183,5,1,95.25824598584678,172.03778654702577,6
./7799738638/Task_1_5_2_secondary.json,365.2494930172206,236.57322665241418,60.874915502870095,39.4288711087357,6,0,0.0,0.0,6
./7799738638/Task_1_1_9_secondary.json,44.80830548379189,18.02196473645901,22.404152741895945,9.010982368229506,2,0,0.0,0.0,2
./7799738638/Task_1_5_1.json,861.5292834032206,239.89795282009612,143.58821390053677,39.98299213668269,6,0,0.0,0.0,6
./7799738638/Task_1_3_3_secondary.json,316.54955960005867,50.57773724107213,79.13738990001467,12.644434310268032,4,0,0.0,0.0,4
./7799738638/Task_1_5_10_secondary.json,493.78794782345193,111.85518698421896,82.29799130390866,18.642531164036495,6,0,0.0,0.0,6
./7799738638/Task_1_3_9.json,346.66237805122944,57.20770702313236,86.66559451280736,14.30192675578309,4,0,0.0,0.0,4
./7799738638/Task_1_3_4.json,562.8876252423322,60.61337599622533,140.72190631058305,15.153343999056332,4,0,0.0,0.0,4
./7799738638/Task_1_1_4_secondary.json,161.19233390503265,15.296865494947795,80.59616695251633,7.648432747473898,2,0,0.0,0.0,2
./5843924292/Task_1_5_8.json,317.2574989276306,274.0942985306074,63.45149978552612,54.81885970612147,5,1,219.96788882662693,199.6121238802894,6
./5843924292/Task_1_1_8_secondary.json,67.2815086665691,2.273373869664205,33.64075433328455,1.1366869348321025,2,0,0.0,0.0,2
./5843924292/Task_1_3_1.json,277.7198488861542,43.28179282518581,69.42996222153855,10.820448206296453,4,0,0.0,0.0,4
./5843924292/Task_1_1_7_secondary.json,100.05271619844845,47.806142460652325,50.026358099224225,23.903071230326162,2,0,0.0,0.0,2
./5843924292/Task_1_5_9_secondary.json,439.2367487369194,57.07366466338344,87.84734974738389,11.414732932676689,5,1,-370.3649770378082,371.1091483647365,6
./5843924292/Task_1_1_9.json,43.32656768883392,0.7384347829537177,21.66328384441696,0.36921739147685884,2,0,0.0,0.0,2
./5843924292/Task_1_5_6_secondary.json,307.36807203209383,69.82201451894369,61.47361440641877,13.964402903788738,5,1,63.254949670717366,214.89532335534898,6
./5843924292/Task_1_3_6_secondary.json,243.63149485293326,20.97912067954833,60.907873713233315,5.244780169887083,4,0,0.0,0.0,4
./5843924292/Task_1_5_7_secondary.json,376.64841648214275,134.9109187453634,75.32968329642856,26.982183749072682,5,1,1.0,1.0,6
./5843924292/Task_1_1_6.json,87.15294794819621,11.317249460899305,43.57647397409811,5.658624730449652,2,0,0.0,0.0,2
./5843924292/Task_1_3_4_secondary.json,250.32122551317573,41.88138320900774,62.58030637829393,10.470345802251934,4,0,0.0,0.0,4
./5843924292/Task_1_5_3.json,364.7679193166248,71.226334646098,60.794653219437464,11.871055774349665,6,0,0.0,0.0,6
./5843924292/Task_1_3_7.json,381.67067349066633,20.77561675456633,95.41766837266658,5.193904188641582,4,0,0.0,0.0,4
./5843924292/Task_1_1_4.json,155.05170968910556,15.618566422914796,77.52585484455278,7.809283211457398,2,0,0.0,0.0,2
./5843924292/Task_1_1_5_secondary.json,154.1326044207301,8.820286704879777,77.06630221036505,4.4101433524398885,2,0,0.0,0.0,2
./5843924292/Task_1_3_5_secondary.json,855.9002518472425,144.6748559661745,213.97506296181064,36.168713991543626,4,0,0.0,0.0,4
./5843924292/Task_1_5_4_secondary.json,349.60697696336354,54.013517669503685,58.26782949389392,9.00225294491728,6,0,0.0,0.0,6
./5843924292/Task_1_3_8.json,260.2777289708889,28.97690334600823,65.06943224272223,7.244225836502057,4,0,0.0,0.0,4
./5843924292/Task_1_1_3.json,9.280109889280517,4.404379512711216,4.640054944640259,2.202189756355608,2,0,0.0,0.0,2
./5843924292/Task_1_5_5.json,382.4392356427545,120.89508445937523,63.739872607125754,20.149180743229206,6,0,0.0,0.0,6
./5843924292/Task_1_3_2.json,158.2627257198105,33.78531991971769,39.565681429952626,8.446329979929423,4,0,0.0,0.0,4
./5843924292/Task_1_5_2_secondary.json,339.15534938357706,109.60088893577029,56.52589156392951,18.26681482262838,6,0,0.0,0.0,6
./5843924292/Task_1_1_2_secondary.json,147.05587790993812,8.505403703830716,73.52793895496906,4.252701851915358,2,0,0.0,0.0,2
./5843924292/Task_1_3_3.json,214.71227567443435,44.557874956436606,53.67806891860859,11.139468739109152,4,0,0.0,0.0,4
./5843924292/Task_1_5_1.json,422.5329177892169,83.80557486315125,70.42215296486948,13.967595810525209,6,0,0.0,0.0,6
./5843924292/Task_1_5_10_secondary.json,267.4324583059088,96.7591418639881,44.57207638431814,16.126523643998016,6,0,0.0,0.0,6
./5843924292/Task_1_3_9.json,204.95742858648492,24.007304151847087,51.23935714662123,6.001826037961772,4,0,0.0,0.0,4
./7538467423/Task_1_1_8_secondary.json,96.76771890683099,22.99351542191458,48.383859453415496,11.49675771095729,2,0,0.0,0.0,2
./7538467423/Task_1_1_6_secondary.json,46.46049894151541,2.896599546596022,23.230249470757705,1.448299773298011,2,0,0.0,0.0,2
./7538467423/Task_1_3_1.json,136.05741859249446,45.974520293957774,34.014354648123614,11.493630073489443,4,0,0.0,0.0,4
./7538467423/Task_1_3_9_secondary.json,141.30188749313575,26.427077597228177,35.32547187328394,6.606769399307044,4,0,0.0,0.0,4
./7538467423/Task_1_1_7_secondary.json,47.282327371567106,53.21488711596044,23.641163685783553,26.60744355798022,2,0,0.0,0.0,2
./7538467423/Task_1_5_9_secondary.json,620.3998545595044,90.98952971479423,103.39997575991741,15.164921619132372,6,0,0.0,0.0,6
./7538467423/Task_1_5_4.json,346.7068981095163,70.93475980728948,57.78448301825272,11.82245996788158,6,0,0.0,0.0,6
./7538467423/Task_1_5_1_secondary.json,291.30488939916097,82.09660864609411,48.550814899860164,13.682768107682351,6,0,0.0,0.0,6
./7538467423/Task_1_3_6_secondary.json,165.9901536076348,18.474147339915817,41.4975384019087,4.618536834978954,4,0,0.0,0.0,4
./7538467423/Task_1_3_4_secondary.json,144.34196942221922,27.735214690755072,36.085492355554805,6.933803672688768,4,0,0.0,0.0,4
./7538467423/Task_1_5_3.json,235.49573890130787,175.11356633120397,39.24928981688465,29.185594388533996,6,0,0.0,0.0,6
./7538467423/Task_1_3_7.json,346.96085673383106,36.130160549096786,86.74021418345777,9.032540137274196,4,0,0.0,0.0,4
./7538467423/Task_1_1_4.json,42.525273061485265,11.283899686975971,21.262636530742633,5.641949843487986,2,0,0.0,0.0,2
./7538467423/Task_1_3_10.json,246.89641249204607,46.16199342331972,61.72410312301152,11.54049835582993,4,0,0.0,0.0,4
./7538467423/Task_1_3_2_secondary.json,170.8152878381153,30.656127387037017,42.703821959528824,7.664031846759254,4,0,0.0,0.0,4
./7538467423/Task_1_3_5_secondary.json,534.7547823883394,31.087592967327126,133.68869559708486,7.7718982418317815,4,0,0.0,0.0,4
./7538467423/Task_1_1_1.json,151.90412482491536,3.61783711439665,75.95206241245768,1.808918557198325,2,0,0.0,0.0,2
./7538467423/Task_1_3_8.json,266.1380862059237,32.99916167685389,66.53452155148092,8.249790419213472,4,0,0.0,0.0,4
./7538467423/Task_1_1_10.json,77.03098733200578,4.271757344119223,38.51549366600289,2.1358786720596115,2,0,0.0,0.0,2
./7538467423/Task_1_1_5.json,66.0384048104053,6.964187234987642,33.01920240520265,3.482093617493821,2,0,0.0,0.0,2
./7538467423/Task_1_1_3.json,60.84943324127921,4.336730104554029,30.424716620639604,2.1683650522770144,2,0,0.0,0.0,2
./7538467423/Task_1_5_5.json,489.10589955157934,68.18973689657437,81.51764992526323,11.364956149429062,6,0,0.0,0.0,6
./7538467423/Task_1_5_6.json,349.67551989821396,69.62904588284718,58.279253316368994,11.60484098047453,6,0,0.0,0.0,6
./7538467423/Task_1_5_2_secondary.json,535.9706438109802,104.81334984480229,89.32844063516336,17.468891640800383,6,0,0.0,0.0,6
./7538467423/Task_1_1_9_secondary.json,36.07066690098348,3.4569218341719363,18.03533345049174,1.7284609170859682,2,0,0.0,0.0,2
./7538467423/Task_1_3_3_secondary.json,192.64718394584278,175.87703140586783,48.161795986460696,43.969257851466956,4,0,0.0,0.0,4
./7538467423/Task_1_5_10_secondary.json,199.7590740108868,208.6723265446348,33.293179001814465,34.77872109077247,6,0,0.0,0.0,6
./7538467423/Task_1_5_7.json,368.3088204323247,206.07201680168708,61.38480340538745,34.345336133614516,6,0,0.0,0.0,6
./7538467423/Task_1_5_8_secondary.json,135.4549360031136,197.0278842682673,27.09098720062272,39.40557685365346,5,1,53.83700514424237,54.08326913195984,6
./4741106167/Task_1_5_8.json,182.54064387496348,48.75881114369193,45.63516096874087,12.189702785922982,4,2,1.0,1.0,6
./4741106167/Task_1_5_8.json,182.54064387496348,48.75881114369193,45.63516096874087,12.189702785922982,4,2,53.83700514424237,54.08326913195984,6
./4741106167/Task_1_3_6.json,161.71448046217654,34.52067073338594,53.90482682072551,11.50689024446198,3,1,1.0,1.0,4
./4741106167/Task_1_3_1.json,118.85986310252773,18.710133884348565,39.619954367509244,6.236711294782855,3,1,1.0,1.0,4
./4741106167/Task_1_3_9_secondary.json,200.8767664000718,43.05472106954703,50.21919160001795,10.763680267386757,4,0,0.0,0.0,4
./4741106167/Task_1_1_7_secondary.json,107.68432251895086,42.62043000664357,53.84216125947543,21.310215003321787,2,0,0.0,0.0,2
./4741106167/Task_1_5_6_secondary.json,458.0409408902574,67.7958524368852,76.3401568150429,11.299308739480866,6,0,0.0,0.0,6
./4741106167/Task_1_1_8.json,18.973665961010276,4.2585232172967125,18.973665961010276,4.2585232172967125,1,1,1.0,1.0,2
./4741106167/Task_1_1_10_secondary.json,38.11840419960289,1.47054563347902,19.059202099801446,0.73527281673951,2,0,0.0,0.0,2
./4741106167/Task_1_5_1_secondary.json,555.8103715661482,253.78552127362696,138.95259289153705,63.44638031840674,4,2,153.76417665247223,161.07451691686057,6
./4741106167/Task_1_5_1_secondary.json,555.8103715661482,253.78552127362696,138.95259289153705,63.44638031840674,4,2,-475.29096393724757,418.14471179246067,6
./4741106167/Task_1_5_7_secondary.json,337.4823556010705,273.3205626900621,67.4964711202141,54.66411253801242,5,1,-67.49317786074178,224.28999086004708,6
./4741106167/Task_1_1_6.json,30.59411708155671,10.783255641593925,30.59411708155671,10.783255641593925,1,1,1.0,1.0,2
./4741106167/Task_1_3_10.json,140.98425779003244,32.9559478774074,46.99475259667748,10.985315959135798,3,1,1.0,1.0,4
./4741106167/Task_1_3_2_secondary.json,190.47560558769348,15.127381486709318,63.49186852923116,5.042460495569773,3,1,1.0,1.0,4
./4741106167/Task_1_1_5_secondary.json,70.1158447825099,10.059144130128233,35.05792239125495,5.029572065064117,2,0,0.0,0.0,2
./4741106167/Task_1_3_5.json,149.58987621264788,9.805769354086642,49.86329207088263,3.2685897846955476,3,1,1.0,1.0,4
./4741106167/Task_1_1_1.json,25.079872407968907,0.914217016945372,25.079872407968907,0.914217016945372,1,1,1.0,1.0,2
./4741106167/Task_1_5_9.json,269.40710333588197,58.13567761387844,67.35177583397049,14.53391940346961,4,2,1.0,1.0,6
./4741106167/Task_1_5_9.json,269.40710333588197,58.13567761387844,67.35177583397049,14.53391940346961,4,2,-370.3649770378082,371.1091483647365,6
./4741106167/Task_1_3_8.json,231.5020022338693,36.30501826247452,77.16733407795643,12.101672754158173,3,1,1.0,1.0,4
./4741106167/Task_1_3_7_secondary.json,317.58656612145825,78.5814346232262,79.39664153036456,19.64535865580655,4,0,0.0,0.0,4
./4741106167/Task_1_1_3.json,32.38826948140329,9.033250790744319,32.38826948140329,9.033250790744319,1,1,1.0,1.0,2
./4741106167/Task_1_5_5.json,391.86266107099505,337.896456043122,78.37253221419901,67.5792912086244,5,1,-34.95298609807529,184.69434208984313,6
./4741106167/Task_1_5_2_secondary.json,304.54835316251314,212.39272318877096,60.909670632502625,42.47854463775419,5,1,81.61214035678627,150.71164520368026,6
./4741106167/Task_1_1_2_secondary.json,169.11767958085534,12.04685296596869,84.55883979042767,6.023426482984345,2,0,0.0,0.0,2
./4741106167/Task_1_3_3.json,90.26593430971329,18.91426536788164,30.08864476990443,6.304755122627213,3,1,1.0,1.0,4
./4741106167/Task_1_1_9_secondary.json,73.76784418581431,13.45180343560287,36.883922092907156,6.725901717801435,2,0,0.0,0.0,2
./4741106167/Task_1_5_10_secondary.json,359.1072528821625,166.18584188605416,71.82145057643251,33.237168377210836,5,1,-65.6178193423973,303.0659994126692,6
./4741106167/Task_1_5_3_secondary.json,467.6684724334232,199.25382859155425,77.94474540557053,33.20897143192571,6,0,0.0,0.0,6
./4741106167/Task_1_3_4.json,104.91178360633342,9.20107547240326,34.97059453544447,3.0670251574677536,3,1,1.0,1.0,4
./4741106167/Task_1_1_4_secondary.json,71.84225256561479,16.957533764863726,35.92112628280739,8.478766882431863,2,0,0.0,0.0,2
./2325724317/Task_1_1_1_secondary.json,311.2231079893315,2.769181033617599,155.61155399466574,1.3845905168087995,2,0,0.0,0.0,2
./2325724317/Task_1_5_8.json,1643.2166824204503,183.62434323690468,273.86944707007507,30.60405720615078,6,0,0.0,0.0,6
./2325724317/Task_1_1_8_secondary.json,256.3464832725464,172.88069079357683,128.1732416362732,86.44034539678842,2,0,0.0,0.0,2
./2325724317/Task_1_1_6_secondary.json,409.88072489193627,146.44825654620672,204.94036244596813,73.22412827310336,2,0,0.0,0.0,2
./2325724317/Task_1_3_8_secondary.json,694.4326147095392,293.2386158483505,173.6081536773848,73.30965396208762,4,0,0.0,0.0,4
./2325724317/Task_1_3_1.json,715.7852717086232,409.8493457193892,178.9463179271558,102.4623364298473,4,0,0.0,0.0,4
./2325724317/Task_1_1_7_secondary.json,253.82145386519065,96.81299628122673,126.91072693259532,48.406498140613365,2,0,0.0,0.0,2
./2325724317/Task_1_5_9_secondary.json,861.8316556716964,60.785049551119066,172.36633113433928,12.157009910223813,5,1,-370.3649770378082,371.1091483647365,6
./2325724317/Task_1_1_9.json,485.53125723495,135.93676542469373,242.765628617475,67.96838271234687,2,0,0.0,0.0,2
./2325724317/Task_1_1_10_secondary.json,207.41195806701725,3.091471811964695,103.70597903350863,1.5457359059823474,2,0,0.0,0.0,2
./2325724317/Task_1_3_6_secondary.json,1106.7426560978208,186.8095266336598,276.6856640244552,46.70238165841495,4,0,0.0,0.0,4
./2325724317/Task_1_5_7_secondary.json,762.067151209327,461.8589753408287,127.01119186822116,76.97649589013811,6,0,0.0,0.0,6
./2325724317/Task_1_3_4_secondary.json,939.4498307059,468.09134659533197,234.862457676475,117.02283664883299,4,0,0.0,0.0,4
./2325724317/Task_1_5_3.json,1022.372104159927,304.51090663430523,170.39535069332115,50.75181777238421,6,0,0.0,0.0,6
./2325724317/Task_1_5_2.json,921.3265879069153,293.02370059373374,184.26531758138304,58.60474011874675,5,1,1.0,1.0,6
./2325724317/Task_1_1_4.json,605.619708519362,122.43899667540391,302.809854259681,61.21949833770196,2,0,0.0,0.0,2
./2325724317/Task_1_3_10.json,615.6867947600447,355.68980998138744,153.92169869001117,88.92245249534686,4,0,0.0,0.0,4
./2325724317/Task_1_1_5_secondary.json,595.2253141388005,1.8041043069403724,297.61265706940026,0.9020521534701862,2,0,0.0,0.0,2
./2325724317/Task_1_3_5.json,1158.5189160569728,351.3723160507036,289.6297290142432,87.8430790126759,4,0,0.0,0.0,4
./2325724317/Task_1_5_4_secondary.json,989.5403520362056,310.0512542510546,164.92339200603428,51.675209041842436,6,0,0.0,0.0,6
./2325724317/Task_1_3_7_secondary.json,764.2400885664495,24.942160441036066,191.06002214161236,6.2355401102590164,4,0,0.0,0.0,4
./2325724317/Task_1_5_5.json,879.4234865664112,237.26952852265313,146.57058109440186,39.544921420442186,6,0,0.0,0.0,6
./2325724317/Task_1_5_6.json,1134.5807112428392,170.4305243675304,189.09678520713987,28.405087394588403,6,0,0.0,0.0,6
./2325724317/Task_1_3_2.json,474.7359118608983,265.8668660995156,118.68397796522457,66.4667165248789,4,0,0.0,0.0,4
./2325724317/Task_1_5_1.json,759.7556159262107,566.2510898411005,126.62593598770178,94.37518164018341,6,0,0.0,0.0,6
./2325724317/Task_1_3_3_secondary.json,672.367054436108,410.46282316441625,168.091763609027,102.61570579110406,4,0,0.0,0.0,4
./2325724317/Task_1_3_9.json,508.53324439366725,346.4287113215637,127.13331109841681,86.60717783039092,4,0,0.0,0.0,4
./2325724317/Task_1_5_10.json,1327.123236638892,134.9641485005319,221.187206106482,22.494024750088652,6,0,0.0,0.0,6
./2325724317/Task_1_1_3_secondary.json,316.0,7.489801688879496,158.0,3.744900844439748,2,0,0.0,0.0,2
./1788669402/Task_1_1_1_secondary.json,447.5829157349915,7.0341477587878245,223.79145786749575,3.5170738793939123,2,0,0.0,0.0,2
./1788669402/Task_1_1_2.json,279.25075839125134,6.984838486960335,139.62537919562567,3.4924192434801675,2,0,0.0,0.0,2
./1788669402/Task_1_1_8_secondary.json,265.28058125243496,7.028358059300494,132.64029062621748,3.514179029650247,2,0,0.0,0.0,2
./1788669402/Task_1_1_6_secondary.json,454.98791793093113,140.3555843992445,227.49395896546557,70.17779219962225,2,0,0.0,0.0,2
./1788669402/Task_1_3_6.json,1498.990429139249,188.16300533873476,374.74760728481226,47.04075133468369,4,0,0.0,0.0,4
./1788669402/Task_1_3_1.json,1304.842417927843,572.4472539367089,326.21060448196073,143.11181348417722,4,0,0.0,0.0,4
./1788669402/Task_1_3_9_secondary.json,876.332984392093,351.526273301034,219.08324609802324,87.8815683252585,4,0,0.0,0.0,4
./1788669402/Task_1_1_7_secondary.json,572.2627137084419,4.974286945695837,286.13135685422094,2.4871434728479187,2,0,0.0,0.0,2
./1788669402/Task_1_5_9_secondary.json,1242.5594776333483,228.34525755090118,248.51189552666966,45.66905151018024,5,1,217.20871299282632,168.61791126686393,6
./1788669402/Task_1_1_9.json,571.5818007334597,141.8131812830292,285.79090036672983,70.9065906415146,2,0,0.0,0.0,2
./1788669402/Task_1_5_6_secondary.json,1432.7771803984085,425.1065467301652,238.7961967330681,70.8510911216942,6,0,0.0,0.0,6
./1788669402/Task_1_5_5_secondary.json,1197.446263666711,256.20089313868397,239.4892527333422,51.240178627736796,5,1,51.37432527158012,55.80322571321482,6
./1788669402/Task_1_5_4.json,1019.0895793580956,229.03842614381608,203.81791587161914,45.80768522876322,5,1,110.7203423408009,390.3857067055606,6
./1788669402/Task_1_5_1_secondary.json,1118.7426664200423,526.0413770635639,186.45711107000704,87.67356284392731,6,0,0.0,0.0,6
./1788669402/Task_1_5_7_secondary.json,1006.931884486318,438.96764071621044,167.82198074771966,73.16127345270174,6,0,0.0,0.0,6
./1788669402/Task_1_3_7.json,1282.0474673625833,371.62266067736664,320.51186684064584,92.90566516934166,4,0,0.0,0.0,4
./1788669402/Task_1_3_10.json,893.3448632253273,358.06498935694907,223.33621580633184,89.51624733923727,4,0,0.0,0.0,4
./1788669402/Task_1_3_5_secondary.json,1209.3632712392093,232.75738192177764,302.34081780980233,58.18934548044441,4,0,0.0,0.0,4
./1788669402/Task_1_3_8.json,1079.0185084523473,304.7375820089509,269.7546271130868,76.18439550223772,4,0,0.0,0.0,4
./1788669402/Task_1_1_10.json,321.40694935656427,357.27399666186835,160.70347467828213,178.63699833093418,2,0,0.0,0.0,2
./1788669402/Task_1_1_5.json,717.2118895410401,5.376188669990175,358.60594477052007,2.6880943349950877,2,0,0.0,0.0,2
./1788669402/Task_1_3_2.json,696.5453053381359,344.3286777213857,174.13632633453398,86.08216943034643,4,0,0.0,0.0,4
./1788669402/Task_1_5_2_secondary.json,950.681500025518,251.00872319770838,190.13630000510358,50.20174463954167,5,1,1.0,1.0,6
./1788669402/Task_1_3_3.json,765.6437843316025,177.56513822185627,191.41094608290064,44.39128455546407,4,0,0.0,0.0,4
./1788669402/Task_1_5_8_secondary.json,1080.1367644629688,161.53373353882432,180.02279407716148,26.922288923137387,6,0,0.0,0.0,6
./1788669402/Task_1_5_10.json,1569.9669803373388,162.60464476792438,261.66116338955646,27.100774127987396,6,0,0.0,0.0,6
./1788669402/Task_1_3_4.json,1269.5644538423915,439.7368881564564,317.39111346059786,109.9342220391141,4,0,0.0,0.0,4
./1788669402/Task_1_1_4_secondary.json,698.9675089719208,128.2531329845977,349.4837544859604,64.12656649229885,2,0,0.0,0.0,2
./1788669402/Task_1_1_3_secondary.json,423.87664409481886,9.818255666328405,211.93832204740943,4.909127833164202,2,0,0.0,0.0,2
./3437429070/Task_1_5_8.json,420.2548132381256,194.29464273936446,84.05096264762513,38.85892854787289,5,1,684.8964337766696,246.78938388836744,6
./3437429070/Task_1_1_8_secondary.json,22.261052372000577,21.23320635339401,11.130526186000289,10.616603176697005,2,0,0.0,0.0,2
./3437429070/Task_1_3_8_secondary.json,547.9804721305395,89.51920856067875,136.99511803263488,22.379802140169687,4,0,0.0,0.0,4
./3437429070/Task_1_3_6.json,170.69411437766027,218.3073981841948,42.67352859441507,54.5768495460487,4,0,0.0,0.0,4
./3437429070/Task_1_3_1.json,239.977127570525,54.0605348140786,59.99428189263125,13.51513370351965,4,0,0.0,0.0,4
./3437429070/Task_1_1_7_secondary.json,16.77032961426901,3.5840636814667626,8.385164807134505,1.7920318407333813,2,0,0.0,0.0,2
./3437429070/Task_1_5_5_secondary.json,610.4654685848622,316.6804774519337,101.74424476414369,52.78007957532228,6,0,0.0,0.0,6
./3437429070/Task_1_5_1_secondary.json,423.90480401521904,53.153349042233245,84.78096080304381,10.63066980844665,5,1,-734.3137655675681,353.30581653859025,6
./3437429070/Task_1_5_7_secondary.json,668.657692725567,224.69282234506727,133.7315385451134,44.93856446901346,5,1,-290.04049115193203,356.7408022640528,6
./3437429070/Task_1_1_6.json,29.484449931773035,4.654420436912332,14.742224965886518,2.327210218456166,2,0,0.0,0.0,2
./3437429070/Task_1_3_4_secondary.json,357.40932171150365,85.12765088904914,89.35233042787591,21.281912722262284,4,0,0.0,0.0,4
./3437429070/Task_1_1_4.json,79.84894341470562,20.921920120927993,39.92447170735281,10.460960060463997,2,0,0.0,0.0,2
./3437429070/Task_1_3_10.json,492.7863067664316,366.710544806476,123.1965766916079,91.677636201619,4,0,0.0,0.0,4
./3437429070/Task_1_3_2_secondary.json,241.29560152649532,51.1614289699077,60.32390038162383,12.790357242476926,4,0,0.0,0.0,4
./3437429070/Task_1_3_5.json,620.9584546705332,23.398510951634027,155.2396136676333,5.849627737908507,4,0,0.0,0.0,4
./3437429070/Task_1_5_4_secondary.json,946.3886670132863,189.45133071025285,157.73144450221437,31.575221785042142,6,0,0.0,0.0,6
./3437429070/Task_1_5_9.json,774.2787881747399,87.92027239750395,129.04646469578998,14.653378732917325,6,0,0.0,0.0,6
./3437429070/Task_1_1_10.json,42.196464726040595,26.540215211103018,21.098232363020298,13.270107605551509,2,0,0.0,0.0,2
./3437429070/Task_1_3_7_secondary.json,19.235384061671343,6.948021952741513,19.235384061671343,6.948021952741513,1,3,-643.6338061075545,479.3537316012049,4
./3437429070/Task_1_3_7_secondary.json,19.235384061671343,6.948021952741513,19.235384061671343,6.948021952741513,1,3,-628.6011826654031,529.0085065478626,4
./3437429070/Task_1_3_7_secondary.json,19.235384061671343,6.948021952741513,19.235384061671343,6.948021952741513,1,3,-695.8328695011473,761.5366045043403,4
./3437429070/Task_1_1_5.json,17.30441328389933,3.5311795244570225,8.652206641949665,1.7655897622285113,2,0,0.0,0.0,2
./3437429070/Task_1_5_6.json,670.1618986624034,152.02108364765115,111.69364977706722,25.336847274608527,6,0,0.0,0.0,6
./3437429070/Task_1_5_2_secondary.json,292.0582407159759,336.2890319054501,48.67637345266265,56.048171984241684,6,0,0.0,0.0,6
./3437429070/Task_1_1_2_secondary.json,78.06024995406356,1.9423648970600738,39.03012497703178,0.9711824485300369,2,0,0.0,0.0,2
./3437429070/Task_1_3_3.json,280.3032417494285,34.74799813878829,70.07581043735712,8.686999534697073,4,0,0.0,0.0,4
./3437429070/Task_1_1_9_secondary.json,41.28035662652815,12.25780649091842,20.640178313264077,6.12890324545921,2,0,0.0,0.0,2
./3437429070/Task_1_5_3_secondary.json,394.89306665949636,490.0084655303332,78.97861333189927,98.00169310606664,5,1,-432.7693269813767,418.7242529398076,6
./3437429070/Task_1_3_9.json,199.60719432908354,23.954630193960305,49.901798582270885,5.988657548490076,4,0,0.0,0.0,4
./3437429070/Task_1_5_10.json,1164.0975432414793,328.03838432349147,194.01625720691322,54.67306405391525,6,0,0.0,0.0,6
./3437429070/Task_1_1_3_secondary.json,70.15340170249436,10.356835576082787,35.07670085124718,5.1784177880413935,2,0,0.0,0.0,2
./1691200944/Task_1_5_8.json,500.60474484220424,424.7330648508397,100.12094896844084,84.94661297016793,5,1,367.2768837762715,475.5880570409648,6
./1691200944/Task_1_1_8_secondary.json,77.68115772471805,3.0421557379440216,38.840578862359024,1.5210778689720108,2,0,0.0,0.0,2
./1691200944/Task_1_1_6_secondary.json,98.4771182626941,18.42342808523709,49.23855913134705,9.211714042618546,2,0,0.0,0.0,2
./1691200944/Task_1_3_8_secondary.json,571.4383700477736,135.02651598243807,142.8595925119434,33.75662899560952,4,0,0.0,0.0,4
./1691200944/Task_1_1_7_secondary.json,82.48071909143371,43.53781251546798,41.240359545716856,21.76890625773399,2,0,0.0,0.0,2
./1691200944/Task_1_5_4.json,993.040793135125,293.6623979903274,165.50679885585416,48.9437329983879,6,0,0.0,0.0,6
./1691200944/Task_1_3_6_secondary.json,820.5827655492016,37.2090848401013,205.1456913873004,9.302271210025324,4,0,0.0,0.0,4
./1691200944/Task_1_5_7_secondary.json,584.3379922337717,297.61201886269106,116.86759844675434,59.52240377253821,5,1,1242.4257403268991,369.218092731112,6
./1691200944/Task_1_3_4_secondary.json,716.3004439910753,166.69826739226784,179.07511099776883,41.67456684806696,4,0,0.0,0.0,4
./1691200944/Task_1_5_3.json,377.8163283611721,287.2472586063342,75.56326567223442,57.44945172126684,5,1,-186.8639535303271,403.6000495540108,6
./1691200944/Task_1_5_2.json,842.493324015608,167.2652216593796,168.49866480312159,33.453044331875915,5,1,52.202111944761185,553.6858314965266,6
./1691200944/Task_1_1_4.json,52.105933458527886,11.882643559267052,26.052966729263943,5.941321779633526,2,0,0.0,0.0,2
./1691200944/Task_1_3_10.json,315.5309178922501,165.13647285318837,78.88272947306253,41.28411821329709,4,0,0.0,0.0,4
./1691200944/Task_1_1_5_secondary.json,173.12077599065623,3.484830454344095,86.56038799532811,1.7424152271720474,2,0,0.0,0.0,2
./1691200944/Task_1_3_5_secondary.json,640.9362056311576,65.82453223648021,160.2340514077894,16.456133059120052,4,0,0.0,0.0,4
./1691200944/Task_1_1_1.json,22.47220505424423,3.0775044975238757,11.236102527122116,1.5387522487619378,2,0,0.0,0.0,2
./1691200944/Task_1_5_9.json,557.9779252831054,154.78773162148897,92.99632088051756,25.797955270248163,6,0,0.0,0.0,6
./1691200944/Task_1_1_10.json,63.20112520216442,0.8654293395317012,31.60056260108221,0.4327146697658506,2,0,0.0,0.0,2
./1691200944/Task_1_3_7_secondary.json,748.9186838094222,127.9940628731696,187.22967095235555,31.9985157182924,4,0,0.0,0.0,4
./1691200944/Task_1_5_6.json,352.7131473893673,153.1546328511547,70.54262947787346,30.63092657023094,5,1,95.25824598584678,172.03778654702577,6
./1691200944/Task_1_3_2.json,407.96044992738445,81.5791190185033,101.99011248184611,20.394779754625826,4,0,0.0,0.0,4
./1691200944/Task_1_1_2_secondary.json,126.3692622199598,10.645487650869171,63.1846311099799,5.322743825434586,2,0,0.0,0.0,2
./1691200944/Task_1_3_3.json,360.7350452520262,166.16075405549634,90.18376131300656,41.540188513874085,4,0,0.0,0.0,4
./1691200944/Task_1_1_9_secondary.json,176.8781916578078,4.451309434600091,88.4390958289039,2.2256547173000456,2,0,0.0,0.0,2
./1691200944/Task_1_5_1.json,368.78180234390925,221.43538562814533,92.19545058597731,55.35884640703633,4,2,-500.03429415764555,402.87467033805933,6
./1691200944/Task_1_5_1.json,368.78180234390925,221.43538562814533,92.19545058597731,55.35884640703633,4,2,-475.29096393724757,418.14471179246067,6
./1691200944/Task_1_5_10_secondary.json,516.8666473944041,168.73637623264898,129.21666184860103,42.184094058162245,4,2,-35.74503265785297,216.33307652783935,6
./1691200944/Task_1_5_10_secondary.json,516.8666473944041,168.73637623264898,129.21666184860103,42.184094058162245,4,2,592.5451338845716,356.08987629529713,6
./1691200944/Task_1_3_9.json,305.4441539866095,48.382311767141545,76.36103849665237,12.095577941785386,4,0,0.0,0.0,4
./1691200944/Task_1_3_1_secondary.json,305.6048114759141,26.86172787703719,76.40120286897853,6.715431969259297,4,0,0.0,0.0,4
./1691200944/Task_1_1_3_secondary.json,101.97700845625813,32.649927738536114,50.98850422812907,16.324963869268057,2,0,0.0,0.0,2
./1008719828/Task_1_1_1_secondary.json,22.564032314511675,11.734915735720278,11.282016157255837,5.867457867860139,2,0,0.0,0.0,2
./1008719828/Task_1_1_2.json,44.05709628591621,11.682401972966382,22.028548142958105,5.841200986483191,2,0,0.0,0.0,2
./1008719828/Task_1_3_10_secondary.json,382.8114418714611,23.581081713332345,95.70286046786528,5.895270428333086,4,0,0.0,0.0,4
./1008719828/Task_1_3_1.json,260.0752199204449,37.5592926554717,65.01880498011123,9.389823163867925,4,0,0.0,0.0,4
./1008719828/Task_1_3_9_secondary.json,169.80165737253256,45.5800741137996,42.45041434313314,11.3950185284499,4,0,0.0,0.0,4
./1008719828/Task_1_1_7_secondary.json,128.12043955712207,42.988810971739156,64.06021977856103,21.494405485869578,2,0,0.0,0.0,2
./1008719828/Task_1_5_9_secondary.json,253.13946794336738,58.919823339195055,63.284866985841845,14.729955834798764,4,2,217.20871299282632,168.61791126686393,6
./1008719828/Task_1_5_9_secondary.json,253.13946794336738,58.919823339195055,63.284866985841845,14.729955834798764,4,2,-370.3649770378082,371.1091483647365,6
./1008719828/Task_1_1_8.json,50.87853046787244,2.8544890290986444,25.43926523393622,1.4272445145493222,2,0,0.0,0.0,2
./1008719828/Task_1_1_10_secondary.json,108.94405056776503,2.7734619936113916,54.472025283882516,1.3867309968056958,2,0,0.0,0.0,2
./1008719828/Task_1_5_5_secondary.json,556.5892473265412,117.5214899488296,111.31784946530824,23.50429798976592,5,1,51.37432527158012,55.80322571321482,6
./1008719828/Task_1_5_4.json,524.3528305047466,237.96115572389368,104.87056610094933,47.59223114477874,5,1,110.7203423408009,390.3857067055606,6
./1008719828/Task_1_5_1_secondary.json,410.64504480196035,199.98665175125507,68.44084080032673,33.331108625209176,6,0,0.0,0.0,6
./1008719828/Task_1_3_6_secondary.json,375.72907720288924,27.00507343332277,93.93226930072231,6.751268358330693,4,0,0.0,0.0,4
./1008719828/Task_1_1_6.json,69.57385225275944,13.904200507122937,34.78692612637972,6.952100253561468,2,0,0.0,0.0,2
./1008719828/Task_1_5_2.json,500.5370221079068,128.7607870868633,100.10740442158136,25.75215741737266,5,1,-512.7342572418446,434.9942528355978,6
./1008719828/Task_1_3_7.json,366.51855950844015,21.76775800912587,91.62963987711004,5.441939502281468,4,0,0.0,0.0,4
./1008719828/Task_1_1_4.json,98.39740828368522,23.82900669382076,49.19870414184261,11.91450334691038,2,0,0.0,0.0,2
./1008719828/Task_1_1_5_secondary.json,276.0021644920238,11.938894071669125,138.0010822460119,5.969447035834563,2,0,0.0,0.0,2
./1008719828/Task_1_3_8.json,550.8021117125376,25.58629258766335,137.7005279281344,6.396573146915838,4,0,0.0,0.0,4
./1008719828/Task_1_1_3.json,35.27797955649831,6.857112317680254,17.638989778249154,3.428556158840127,2,0,0.0,0.0,2
./1008719828/Task_1_5_6.json,538.4515987967786,76.57034593520915,107.69031975935573,15.314069187041829,5,1,95.25824598584678,172.03778654702577,6
./1008719828/Task_1_3_2.json,217.12875236585853,39.44690504691411,54.28218809146463,9.861726261728528,4,0,0.0,0.0,4
./1008719828/Task_1_1_9_secondary.json,309.1396242291439,24.365357107427833,154.56981211457196,12.182678553713917,2,0,0.0,0.0,2
./1008719828/Task_1_3_3_secondary.json,211.1793071803908,54.67495623767854,52.7948267950977,13.668739059419636,4,0,0.0,0.0,4
./1008719828/Task_1_5_10_secondary.json,351.3726727715702,30.984968848830427,70.27453455431404,6.1969937697660855,5,1,592.5451338845716,356.08987629529713,6
./1008719828/Task_1_5_7.json,409.59908701894824,288.9482582819704,68.26651450315804,48.15804304699507,6,0,0.0,0.0,6
./1008719828/Task_1_5_8_secondary.json,463.9378816644519,96.18230440296509,92.78757633289038,19.236460880593018,5,1,219.96788882662693,199.6121238802894,6
./1008719828/Task_1_5_3_secondary.json,312.68936295637803,38.9599537349513,62.53787259127561,7.79199074699026,5,1,39.201577137911016,84.72307831990054,6
./1008719828/Task_1_3_4.json,236.177855539379,40.269684048179045,59.04446388484475,10.067421012044761,4,0,0.0,0.0,4
./4795940856/Task_1_1_1_secondary.json,39.17800560721074,12.811394329361292,19.58900280360537,6.405697164680646,2,0,0.0,0.0,2
./4795940856/Task_1_3_8_secondary.json,429.9974863979627,68.14328459668744,107.49937159949067,17.03582114917186,4,0,0.0,0.0,4
./4795940856/Task_1_3_10_secondary.json,271.1057045812685,42.76077882704004,67.77642614531713,10.69019470676001,4,0,0.0,0.0,4
./4795940856/Task_1_3_1.json,278.41958395552183,31.507454249141198,69.60489598888046,7.876863562285299,4,0,0.0,0.0,4
./4795940856/Task_1_3_9_secondary.json,237.2225673404628,26.84905978750573,59.3056418351157,6.712264946876433,4,0,0.0,0.0,4
./4795940856/Task_1_1_8.json,121.70597229637148,9.054988246171568,60.85298614818574,4.527494123085784,2,0,0.0,0.0,2
./4795940856/Task_1_5_4.json,289.4039206274591,41.82818230487317,48.23398677124319,6.971363717478861,6,0,0.0,0.0,6
./4795940856/Task_1_5_1_secondary.json,291.3402288372418,80.82375781417565,58.268045767448356,16.16475156283513,5,1,-475.29096393724757,418.14471179246067,6
./4795940856/Task_1_3_6_secondary.json,260.422421139665,14.106908865113674,65.10560528491625,3.5267272162784185,4,0,0.0,0.0,4
./4795940856/Task_1_1_6.json,57.040799340956916,3.2061139699269035,28.520399670478458,1.6030569849634517,2,0,0.0,0.0,2
./4795940856/Task_1_3_4_secondary.json,238.92101823132856,196.17982758653753,59.73025455783214,49.04495689663438,4,0,0.0,0.0,4
./4795940856/Task_1_3_7.json,399.9975378554982,39.63773259338048,99.99938446387455,9.90943314834512,4,0,0.0,0.0,4
./4795940856/Task_1_3_5_secondary.json,445.91116265463825,56.69708473479801,111.47779066365956,14.174271183699503,4,0,0.0,0.0,4
./4795940856/Task_1_5_9.json,644.2345097322666,30.521398360949682,107.3724182887111,5.086899726824947,6,0,0.0,0.0,6
./4795940856/Task_1_1_10.json,119.03946685248927,2.7016619228935923,59.519733426244635,1.3508309614467962,2,0,0.0,0.0,2
./4795940856/Task_1_1_7.json,25.59401617920155,26.49677249968488,12.797008089600775,13.24838624984244,2,0,0.0,0.0,2
./4795940856/Task_1_1_5.json,12.28594359862068,4.06579428560344,6.14297179931034,2.03289714280172,2,0,0.0,0.0,2
./4795940856/Task_1_5_5.json,565.2233336184617,50.09180920787632,94.20388893641028,8.348634867979387,6,0,0.0,0.0,6
./4795940856/Task_1_5_6.json,563.1958947444045,89.36687142486261,93.86598245740076,14.894478570810435,6,0,0.0,0.0,6
./4795940856/Task_1_3_2.json,132.87006337993532,39.86298379514157,33.21751584498383,9.965745948785392,4,0,0.0,0.0,4
./4795940856/Task_1_1_2_secondary.json,38.67504063555796,3.464462540675896,19.33752031777898,1.732231270337948,2,0,0.0,0.0,2
./4795940856/Task_1_1_9_secondary.json,61.371952662947976,10.240951811890945,30.685976331473988,5.120475905945472,2,0,0.0,0.0,2
./4795940856/Task_1_3_3_secondary.json,266.6610728407521,62.042458826865186,66.66526821018803,15.510614706716296,4,0,0.0,0.0,4
./4795940856/Task_1_5_7.json,441.3754973358223,56.02799496001934,73.56258288930371,9.337999160003223,6,0,0.0,0.0,6
./4795940856/Task_1_5_8_secondary.json,293.2941291106661,86.68777896817718,48.882354851777684,14.447963161362864,6,0,0.0,0.0,6
./4795940856/Task_1_5_3_secondary.json,336.85307130502105,110.17127605665726,56.14217855083684,18.36187934277621,6,0,0.0,0.0,6
./4795940856/Task_1_5_10.json,214.60113611395843,81.75055708138785,35.766856018993074,13.625092846897976,6,0,0.0,0.0,6
./4795940856/Task_1_1_4_secondary.json,96.24947628528278,12.0934200889361,48.12473814264139,6.04671004446805,2,0,0.0,0.0,2
./4795940856/Task_1_1_3_secondary.json,47.026416044842065,4.869188707853297,23.513208022421033,2.4345943539266486,2,0,0.0,0.0,2
./2058939492/Task_1_1_2.json,57.18827949234546,8.756229871362038,28.59413974617273,4.378114935681019,2,0,0.0,0.0,2
./2058939492/Task_1_1_8_secondary.json,97.62768887849425,7.259453037431378,48.81384443924713,3.629726518715689,2,0,0.0,0.0,2
./2058939492/Task_1_3_10_secondary.json,401.76468454050996,173.37482979532737,100.44117113512749,43.34370744883184,4,0,0.0,0.0,4
./2058939492/Task_1_3_9_secondary.json,212.3664434285567,33.471019670167735,53.09161085713917,8.367754917541934,4,0,0.0,0.0,4
./2058939492/Task_1_1_10_secondary.json,64.6078810084939,2.154818128814526,32.30394050424695,1.077409064407263,2,0,0.0,0.0,2
./2058939492/Task_1_5_5_secondary.json,525.0848636066032,242.14932792407316,105.01697272132064,48.429865584814635,5,1,-181.9867259380632,203.59027481684876,6
./2058939492/Task_1_3_6_secondary.json,438.2123835420616,91.00843172843662,109.5530958855154,22.752107932109155,4,0,0.0,0.0,4
./2058939492/Task_1_5_7_secondary.json,360.11852205487025,55.3030128758771,72.02370441097405,11.06060257517542,5,1,-290.04049115193203,356.7408022640528,6
./2058939492/Task_1_1_6.json,33.52717827639876,8.287029547041342,16.76358913819938,4.143514773520671,2,0,0.0,0.0,2
./2058939492/Task_1_3_4_secondary.json,418.8069160563063,111.32809899435489,104.70172901407658,27.832024748588722,4,0,0.0,0.0,4
./2058939492/Task_1_5_3.json,176.83865084643432,102.43752477834227,35.367730169286865,20.487504955668452,5,1,-432.7693269813767,418.7242529398076,6
./2058939492/Task_1_5_2.json,556.9184056903438,396.5235389617201,92.81973428172397,66.08725649362002,6,0,0.0,0.0,6
./2058939492/Task_1_3_7.json,373.93833340169,197.84967004689355,93.4845833504225,49.46241751172339,4,0,0.0,0.0,4
./2058939492/Task_1_1_4.json,45.54258357572748,6.70457906371891,22.77129178786374,3.352289531859455,2,0,0.0,0.0,2
./2058939492/Task_1_3_2_secondary.json,258.2954451397597,20.107228166612707,64.57386128493992,5.026807041653177,4,0,0.0,0.0,4
./2058939492/Task_1_3_5.json,582.5790077769555,58.13234889709516,145.64475194423886,14.53308722427379,4,0,0.0,0.0,4
./2058939492/Task_1_1_1.json,35.187253927039116,3.900203502506784,17.593626963519558,1.950101751253392,2,0,0.0,0.0,2
./2058939492/Task_1_5_4_secondary.json,637.7159759365529,185.38926637250228,127.54319518731059,37.077853274500455,5,1,110.7203423408009,390.3857067055606,6
./2058939492/Task_1_5_9.json,490.3243538556393,70.28371699071386,98.06487077112786,14.056743398142771,5,1,217.20871299282632,168.61791126686393,6
./2058939492/Task_1_1_7.json,171.16381054713258,32.74647076809896,85.58190527356629,16.37323538404948,2,0,0.0,0.0,2
./2058939492/Task_1_1_5.json,22.2043933720295,4.350742747304111,11.10219668601475,2.1753713736520557,2,0,0.0,0.0,2
./2058939492/Task_1_5_6.json,301.60172260963697,53.919851908558286,60.320344521927396,10.783970381711658,5,1,95.25824598584678,172.03778654702577,6
./2058939492/Task_1_1_9_secondary.json,33.3238075793812,8.222854538110006,16.6619037896906,4.111427269055003,2,0,0.0,0.0,2
./2058939492/Task_1_5_1.json,566.5141530347115,192.706594393158,113.30283060694231,38.5413188786316,5,1,-475.29096393724757,418.14471179246067,6
./2058939492/Task_1_3_3_secondary.json,135.54679211568424,22.430842683630985,33.88669802892106,5.607710670907746,4,0,0.0,0.0,4
./2058939492/Task_1_5_8_secondary.json,381.6006311440681,406.20592348428573,63.600105190678015,67.70098724738095,6,0,0.0,0.0,6
./2058939492/Task_1_5_10.json,843.9342881882098,237.8613241628089,140.65571469803498,39.64355402713482,6,0,0.0,0.0,6
./2058939492/Task_1_3_1_secondary.json,276.8793972287896,38.43543453612162,69.2198493071974,9.608858634030405,4,0,0.0,0.0,4
./2058939492/Task_1_1_3_secondary.json,37.21953860632608,23.506082695524142,18.60976930316304,11.753041347762071,2,0,0.0,0.0,2
./3485568572/Task_1_1_6_secondary.json,87.55662601375244,3.9829162655376535,43.77831300687622,1.9914581327688268,2,0,0.0,0.0,2
./3485568572/Task_1_3_6.json,152.49704364766467,57.574925025076475,38.12426091191617,14.393731256269119,4,0,0.0,0.0,4
./3485568572/Task_1_3_9_secondary.json,78.98382416793766,85.8714830228341,19.745956041984414,21.467870755708525,4,0,0.0,0.0,4
./3485568572/Task_1_5_6_secondary.json,519.0488921614763,136.15729560822012,86.50814869357937,22.69288260137002,6,0,0.0,0.0,6
./3485568572/Task_1_1_8.json,57.31424959099088,6.05650151018623,28.65712479549544,3.028250755093115,2,0,0.0,0.0,2
./3485568572/Task_1_1_10_secondary.json,9.476471310671645,1.023030205963778,4.7382356553358225,0.511515102981889,2,0,0.0,0.0,2
./3485568572/Task_1_5_4.json,450.0082827433155,110.05771244056392,75.00138045721924,18.34295207342732,6,0,0.0,0.0,6
./3485568572/Task_1_5_1_secondary.json,227.0799904463302,204.4716303760112,45.41599808926604,40.894326075202244,5,1,1.0,1.0,6
./3485568572/Task_1_5_7_secondary.json,456.37085218949153,240.68446303553446,76.06180869824858,40.11407717258908,6,0,0.0,0.0,6
./3485568572/Task_1_5_2.json,293.7517569024686,112.64016947770189,48.95862615041144,18.77336157961698,6,0,0.0,0.0,6
./3485568572/Task_1_3_10.json,236.16286136992613,47.12607593586801,59.04071534248153,11.781518983967002,4,0,0.0,0.0,4
./3485568572/Task_1_1_5_secondary.json,27.460320856730167,13.714203250677699,13.730160428365084,6.857101625338849,2,0,0.0,0.0,2
./3485568572/Task_1_3_5.json,150.55164327262088,52.666474726234796,37.63791081815522,13.166618681558699,4,0,0.0,0.0,4
./3485568572/Task_1_1_1.json,33.08224975469216,5.536326856598492,16.54112487734608,2.768163428299246,2,0,0.0,0.0,2
./3485568572/Task_1_5_9.json,421.74890928884474,196.29603965855364,70.29148488147412,32.71600660975894,6,0,0.0,0.0,6
./3485568572/Task_1_3_8.json,227.9343549270368,34.50668809320433,56.9835887317592,8.626672023301083,4,0,0.0,0.0,4
./3485568572/Task_1_3_7_secondary.json,158.76134827440677,44.04260607585802,39.69033706860169,11.010651518964504,4,0,0.0,0.0,4
./3485568572/Task_1_1_7.json,43.48347285908835,18.77867490928793,21.741736429544176,9.389337454643965,2,0,0.0,0.0,2
./3485568572/Task_1_1_3.json,41.047102753239834,1.778043106654117,20.523551376619917,0.8890215533270585,2,0,0.0,0.0,2
./3485568572/Task_1_3_2.json,121.3640227648529,72.04438533043677,30.341005691213226,18.011096332609192,4,0,0.0,0.0,4
./3485568572/Task_1_1_2_secondary.json,53.20294101747089,7.792151867470743,26.601470508735446,3.8960759337353714,2,0,0.0,0.0,2
./3485568572/Task_1_1_9_secondary.json,41.42899060947016,9.61552546271794,20.71449530473508,4.80776273135897,2,0,0.0,0.0,2
./3485568572/Task_1_3_3_secondary.json,218.27254654533883,32.19922833729564,54.56813663633471,8.04980708432391,4,0,0.0,0.0,4
./3485568572/Task_1_5_8_secondary.json,422.9271509029666,427.14951360152145,70.48785848382776,71.19158560025357,6,0,0.0,0.0,6
./3485568572/Task_1_5_3_secondary.json,279.21980820098094,116.30825594267793,46.53663470016349,19.384709323779656,6,0,0.0,0.0,6
./3485568572/Task_1_5_10.json,938.1993252386058,78.57770306625005,156.3665542064343,13.096283844375009,6,0,0.0,0.0,6
./3485568572/Task_1_3_4.json,142.60558990823336,22.46292055265755,35.65139747705834,5.615730138164388,4,0,0.0,0.0,4
./3485568572/Task_1_1_4_secondary.json,24.7380211417543,4.776442521180698,12.36901057087715,2.388221260590349,2,0,0.0,0.0,2
./3485568572/Task_1_3_1_secondary.json,114.9840476894546,46.213432752136455,28.74601192236365,11.553358188034114,4,0,0.0,0.0,4
./2651031016/Task_1_1_1_secondary.json,58.589376255824725,1.5394103621174082,29.294688127912362,0.7697051810587041,2,0,0.0,0.0,2
./2651031016/Task_1_5_8.json,505.9288566840743,135.99415297271386,84.32147611401238,22.665692162118976,6,0,0.0,0.0,6
./2651031016/Task_1_3_6.json,446.4824795983178,31.08553072165585,111.62061989957945,7.7713826804139625,4,0,0.0,0.0,4
./2651031016/Task_1_3_9_secondary.json,381.43195149065883,71.53087653609522,95.35798787266471,17.882719134023805,4,0,0.0,0.0,4
./2651031016/Task_1_1_7_secondary.json,51.700406229290856,28.04659041687853,25.850203114645428,14.023295208439265,2,0,0.0,0.0,2
./2651031016/Task_1_5_9_secondary.json,596.8422983640321,115.17322601791632,99.47371639400535,19.19553766965272,6,0,0.0,0.0,6
./2651031016/Task_1_5_6_secondary.json,420.5958358333347,224.49538296332045,70.09930597222245,37.415897160553406,6,0,0.0,0.0,6
./2651031016/Task_1_1_8.json,85.12626548405747,1.5577798713255149,42.563132742028735,0.7788899356627574,2,0,0.0,0.0,2
./2651031016/Task_1_5_4.json,406.0099099631346,242.98921743160122,67.6683183271891,40.49820290526687,6,0,0.0,0.0,6
./2651031016/Task_1_5_1_secondary.json,287.46773200218314,256.8529242923138,57.49354640043663,51.370584858462756,5,1,-734.3137655675681,353.30581653859025,6
./2651031016/Task_1_1_6.json,38.96741861446482,6.679460338515796,19.48370930723241,3.339730169257898,2,0,0.0,0.0,2
./2651031016/Task_1_3_4_secondary.json,427.0474961694075,61.292957414316504,106.76187404235188,15.323239353579126,4,0,0.0,0.0,4
./2651031016/Task_1_3_7.json,417.58866001400446,15.286307709277693,104.39716500350112,3.8215769273194233,4,0,0.0,0.0,4
./2651031016/Task_1_1_4.json,75.43692606789703,3.214855049808861,37.71846303394852,1.6074275249044305,2,0,0.0,0.0,2
./2651031016/Task_1_1_5_secondary.json,58.60593903232758,7.299748108225145,29.30296951616379,3.6498740541125727,2,0,0.0,0.0,2
./2651031016/Task_1_3_5_secondary.json,562.1828318424309,64.69173660959969,140.54570796060773,16.17293415239992,4,0,0.0,0.0,4
./2651031016/Task_1_3_8.json,366.80584894735824,16.413740891437257,91.70146223683956,4.103435222859314,4,0,0.0,0.0,4
./2651031016/Task_1_1_10.json,82.6621558215008,0.3924307087995942,41.3310779107504,0.1962153543997971,2,0,0.0,0.0,2
./2651031016/Task_1_5_5.json,254.8105447005434,251.56964648464498,50.96210894010868,50.313929296929,5,1,-181.9867259380632,203.59027481684876,6
./2651031016/Task_1_3_2.json,158.8088871045095,58.3140953635578,39.702221776127374,14.57852384088945,4,0,0.0,0.0,4
./2651031016/Task_1_5_2_secondary.json,462.99662373918096,177.0302862378052,77.16610395653016,29.505047706300868,6,0,0.0,0.0,6
./2651031016/Task_1_1_2_secondary.json,33.413111231467404,11.160894541067556,16.706555615733702,5.580447270533778,2,0,0.0,0.0,2
./2651031016/Task_1_3_3.json,206.84293740044077,13.483936391392604,51.710734350110194,3.370984097848151,4,0,0.0,0.0,4
./2651031016/Task_1_1_9_secondary.json,94.01041800952748,12.09860827218494,47.00520900476374,6.04930413609247,2,0,0.0,0.0,2
./2651031016/Task_1_5_7.json,366.48530936584456,47.48155028120016,61.080884894307424,7.91359171353336,6,0,0.0,0.0,6
./2651031016/Task_1_5_3_secondary.json,465.9505741930319,180.25675182986924,77.65842903217198,30.042791971644874,6,0,0.0,0.0,6
./2651031016/Task_1_5_10.json,250.165532884953,80.03005080527363,50.0331065769906,16.006010161054725,5,1,262.4679690193147,196.21671692289624,6
./2651031016/Task_1_3_1_secondary.json,281.9030751824359,24.536090682010403,70.47576879560897,6.134022670502601,4,0,0.0,0.0,4
./2651031016/Task_1_1_3_secondary.json,69.49958357900138,20.230416331710167,34.74979178950069,10.115208165855083,2,0,0.0,0.0,2
./8708506757/Task_1_1_1_secondary.json,104.88856443518513,5.849380482115009,52.444282217592566,2.9246902410575046,2,0,0.0,0.0,2
./8708506757/Task_1_1_2.json,165.1595336131541,8.53080213351803,82.57976680657706,4.265401066759015,2,0,0.0,0.0,2
./8708506757/Task_1_1_8_secondary.json,32.400636936215164,11.025375784471265,16.200318468107582,5.512687892235633,2,0,0.0,0.0,2
./8708506757/Task_1_1_6_secondary.json,72.11111091321402,1.2641163396164927,36.05555545660701,0.6320581698082464,2,0,0.0,0.0,2
./8708506757/Task_1_3_1.json,259.5877018727795,26.37879294346815,64.89692546819488,6.594698235867037,4,0,0.0,0.0,4
./8708506757/Task_1_3_9_secondary.json,169.83706424777142,45.78712004423263,42.459266061942856,11.446780011058157,4,0,0.0,0.0,4
./8708506757/Task_1_1_9.json,66.67387414618578,0.7324140759860853,33.33693707309289,0.36620703799304266,2,0,0.0,0.0,2
./8708506757/Task_1_5_6_secondary.json,461.306474626455,171.55385784759608,92.261294925291,34.31077156951922,5,1,63.254949670717366,214.89532335534898,6
./8708506757/Task_1_5_5_secondary.json,307.3579818658711,39.874714153669345,51.22633031097852,6.645785692278224,6,0,0.0,0.0,6
./8708506757/Task_1_3_6_secondary.json,168.68119194781468,15.966214824581591,42.17029798695367,3.991553706145398,4,0,0.0,0.0,4
./8708506757/Task_1_5_7_secondary.json,431.7575514622421,32.49841436139863,86.35151029244841,6.499682872279726,5,1,-67.49317786074178,224.28999086004708,6
./8708506757/Task_1_5_2.json,601.1817101388817,171.95978769549865,120.23634202777635,34.39195753909973,5,1,-433.77555344812913,615.8027281524498,6
./8708506757/Task_1_1_4.json,34.02172886644267,24.58548951500272,17.010864433221336,12.29274475750136,2,0,0.0,0.0,2
./8708506757/Task_1_3_10.json,284.6010915857306,20.646681772999464,71.15027289643265,5.161670443249866,4,0,0.0,0.0,4
./8708506757/Task_1_3_2_secondary.json,187.79315989692418,33.13844798944286,46.948289974231045,8.284611997360715,4,0,0.0,0.0,4
./8708506757/Task_1_1_5_secondary.json,39.509190216407816,8.210547430570728,19.754595108203908,4.105273715285364,2,0,0.0,0.0,2
./8708506757/Task_1_3_5.json,280.5298285645896,48.25383834712145,70.1324571411474,12.063459586780363,4,0,0.0,0.0,4
./8708506757/Task_1_3_8.json,379.1971296154795,68.42246463981651,94.79928240386988,17.105616159954128,4,0,0.0,0.0,4
./8708506757/Task_1_1_10.json,95.34461300979899,3.7811134355951594,47.672306504899495,1.8905567177975797,2,0,0.0,0.0,2
./8708506757/Task_1_3_7_secondary.json,256.8771082652678,31.364033603253915,64.21927706631695,7.841008400813479,4,0,0.0,0.0,4
./8708506757/Task_1_1_7.json,158.58879629656798,0.0557894163093815,79.29439814828399,0.02789470815469075,2,0,0.0,0.0,2
./8708506757/Task_1_1_3.json,30.0,9.152311372335191,15.0,4.576155686167596,2,0,0.0,0.0,2
./8708506757/Task_1_5_1.json,750.5821097444452,512.7118409253329,125.09701829074088,85.45197348755549,6,0,0.0,0.0,6
./8708506757/Task_1_3_3_secondary.json,197.05554081632528,108.1223045650215,49.26388520408132,27.030576141255374,4,0,0.0,0.0,4
./8708506757/Task_1_5_8_secondary.json,629.3648609861126,140.73624889690433,104.89414349768543,23.456041482817387,6,0,0.0,0.0,6
./8708506757/Task_1_5_3_secondary.json,485.7060127920613,100.19821593113288,97.14120255841226,20.039643186226577,5,1,288.4957981247846,121.10326172320876,6
./8708506757/Task_1_5_10.json,185.83007143605926,68.4322513056788,30.97167857267654,11.405375217613134,6,0,0.0,0.0,6
./8708506757/Task_1_3_4.json,422.4356396069586,24.242499582757034,105.60890990173965,6.0606248956892586,4,0,0.0,0.0,4
./3955372865/Task_1_1_2.json,51.069681849966145,9.870500162834425,25.534840924983072,4.935250081417212,2,0,0.0,0.0,2
./3955372865/Task_1_1_6_secondary.json,42.55764119219941,8.742166942255693,21.278820596099706,4.371083471127847,2,0,0.0,0.0,2
./3955372865/Task_1_3_10_secondary.json,245.4407378981723,52.67519134738306,61.360184474543075,13.168797836845766,4,0,0.0,0.0,4
./3955372865/Task_1_3_6.json,169.16094836903233,52.57647004929835,42.29023709225808,13.144117512324588,4,0,0.0,0.0,4
./3955372865/Task_1_3_1.json,219.90873424566365,197.1519293587416,54.97718356141591,49.2879823396854,4,0,0.0,0.0,4
./3955372865/Task_1_1_7_secondary.json,14.56403191115976,32.46087308302339,7.28201595557988,16.230436541511693,2,0,0.0,0.0,2
./3955372865/Task_1_5_5_secondary.json,309.5097577258446,280.0552172860015,51.584959620974104,46.67586954766691,6,0,0.0,0.0,6
./3955372865/Task_1_5_4.json,526.7032247443763,191.54285330418767,87.78387079072938,31.923808884031278,6,0,0.0,0.0,6
./3955372865/Task_1_5_1_secondary.json,403.3884832860265,76.96389062189078,67.23141388100441,12.827315103648465,6,0,0.0,0.0,6
./3955372865/Task_1_5_7_secondary.json,258.8708716846287,175.96533933969573,43.14514528077145,29.327556556615956,6,0,0.0,0.0,6
./3955372865/Task_1_3_4_secondary.json,214.70370995209385,49.67307758184921,53.67592748802346,12.418269395462303,4,0,0.0,0.0,4
./3955372865/Task_1_1_4.json,82.41846462902562,8.704082700591414,41.20923231451281,4.352041350295707,2,0,0.0,0.0,2
./3955372865/Task_1_1_5_secondary.json,44.71984794915798,7.000920929915315,22.35992397457899,3.5004604649576576,2,0,0.0,0.0,2
./3955372865/Task_1_3_5_secondary.json,192.53165893560873,166.0945230030356,48.13291473390218,41.5236307507589,4,0,0.0,0.0,4
./3955372865/Task_1_1_1.json,52.51841748206689,4.267893678596835,26.259208741033444,2.1339468392984173,2,0,0.0,0.0,2
./3955372865/Task_1_5_9.json,335.42617239857486,67.65619663694922,55.904362066429144,11.27603277282487,6,0,0.0,0.0,6
./3955372865/Task_1_3_8.json,220.53315413598767,40.93842072096746,55.13328853399692,10.234605180241864,4,0,0.0,0.0,4
./3955372865/Task_1_1_10.json,54.80584360149872,5.5692250436271,27.40292180074936,2.78461252181355,2,0,0.0,0.0,2
./3955372865/Task_1_3_7_secondary.json,200.669852174478,32.98768573601444,50.1674630436195,8.24692143400361,4,0,0.0,0.0,4
./3955372865/Task_1_1_3.json,53.97575213045327,7.0390617621205465,26.987876065226637,3.5195308810602732,2,0,0.0,0.0,2
./3955372865/Task_1_5_6.json,292.5944066205072,237.08535755756634,48.765734436751195,39.51422625959439,6,0,0.0,0.0,6
./3955372865/Task_1_3_2.json,106.88533932266553,48.02934185128973,26.721334830666382,12.007335462822432,4,0,0.0,0.0,4
./3955372865/Task_1_5_2_secondary.json,367.711269687399,101.93614694046806,61.2852116145665,16.989357823411343,6,0,0.0,0.0,6
./3955372865/Task_1_1_9_secondary.json,6.0,14.202289740991858,3.0,7.101144870495929,2,0,0.0,0.0,2
./3955372865/Task_1_3_3_secondary.json,155.75523803234375,56.63660525472443,38.93880950808594,14.159151313681107,4,0,0.0,0.0,4
./3955372865/Task_1_5_8_secondary.json,422.21813434974547,299.4211526766502,70.36968905829092,49.90352544610837,6,0,0.0,0.0,6
./3955372865/Task_1_5_3_secondary.json,218.87482328959953,177.1806887301675,36.47913721493325,29.53011478836125,6,0,0.0,0.0,6
./3955372865/Task_1_3_9.json,208.7993495394378,85.99870817576597,52.19983738485945,21.499677043941492,4,0,0.0,0.0,4
./3955372865/Task_1_5_10.json,311.4260806456446,133.7481540192543,51.9043467742741,22.29135900320905,6,0,0.0,0.0,6
./4830336371/Task_1_1_1_secondary.json,37.8855234106624,9.383538140090721,18.9427617053312,4.6917690700453605,2,0,0.0,0.0,2
./4830336371/Task_1_1_2.json,69.03815066001727,15.856771759737356,34.51907533000863,7.928385879868678,2,0,0.0,0.0,2
./4830336371/Task_1_1_6_secondary.json,62.15467594868178,16.29941727683547,31.07733797434089,8.149708638417735,2,0,0.0,0.0,2
./4830336371/Task_1_3_1.json,154.00436503037633,40.03517805350321,38.501091257594084,10.008794513375802,4,0,0.0,0.0,4
./4830336371/Task_1_1_7_secondary.json,109.0561040472248,28.942748799048616,54.5280520236124,14.471374399524308,2,0,0.0,0.0,2
./4830336371/Task_1_5_9_secondary.json,231.4147302397886,53.99431778763694,57.85368255994715,13.498579446909234,4,2,1194.5501677643283,220.60145058453264,6
./4830336371/Task_1_5_9_secondary.json,231.4147302397886,53.99431778763694,57.85368255994715,13.498579446909234,4,2,-370.3649770378082,371.1091483647365,6
./4830336371/Task_1_1_9.json,105.89617504359725,9.328273525470578,52.94808752179863,4.664136762735289,2,0,0.0,0.0,2
./4830336371/Task_1_1_8.json,126.13532129243653,5.336901695089907,63.067660646218265,2.6684508475449533,2,0,0.0,0.0,2
./4830336371/Task_1_1_10_secondary.json,68.54695500248565,8.556535541803541,34.27347750124282,4.2782677709017705,2,0,0.0,0.0,2
./4830336371/Task_1_5_5_secondary.json,330.95185602663344,55.55524547150715,66.19037120532668,11.11104909430143,5,1,51.37432527158012,55.80322571321482,6
./4830336371/Task_1_5_4.json,521.2937463111366,269.9105842029967,104.25874926222733,53.98211684059934,5,1,110.7203423408009,390.3857067055606,6
./4830336371/Task_1_3_6_secondary.json,280.40705137611724,24.176123963396094,70.10176284402931,6.0440309908490235,4,0,0.0,0.0,4
./4830336371/Task_1_5_7_secondary.json,224.9015678095557,154.53127707778918,56.225391952388925,38.632819269447296,4,2,1242.4257403268991,369.218092731112,6
./4830336371/Task_1_5_7_secondary.json,224.9015678095557,154.53127707778918,56.225391952388925,38.632819269447296,4,2,-290.04049115193203,356.7408022640528,6
./4830336371/Task_1_3_4_secondary.json,284.5581976669335,74.61715676538458,71.13954941673337,18.654289191346145,4,0,0.0,0.0,4
./4830336371/Task_1_5_2.json,597.0781662012558,268.81322812083306,99.5130277002093,44.80220468680551,6,0,0.0,0.0,6
./4830336371/Task_1_3_7.json,297.6471829793908,27.9155768410605,74.4117957448477,6.978894210265125,4,0,0.0,0.0,4
./4830336371/Task_1_3_10.json,243.89131794225955,43.815617369673966,60.97282948556489,10.953904342418491,4,0,0.0,0.0,4
./4830336371/Task_1_3_2_secondary.json,224.21773545184055,35.96702114614789,56.05443386296014,8.991755286536973,4,0,0.0,0.0,4
./4830336371/Task_1_1_5_secondary.json,46.04764026927667,15.765254918329632,23.023820134638335,7.882627459164816,2,0,0.0,0.0,2
./4830336371/Task_1_3_5_secondary.json,255.7959627041664,52.07922489874903,63.9489906760416,13.019806224687258,4,0,0.0,0.0,4
./4830336371/Task_1_3_8.json,360.47977351689326,23.19217311589108,90.11994337922332,5.79804327897277,4,0,0.0,0.0,4
./4830336371/Task_1_1_3.json,30.079872407968907,11.349105855803153,15.039936203984453,5.674552927901576,2,0,0.0,0.0,2
./4830336371/Task_1_5_6.json,409.4629271264471,41.22220688987316,102.36573178161177,10.30555172246829,4,2,95.25824598584678,172.03778654702577,6
./4830336371/Task_1_5_6.json,409.4629271264471,41.22220688987316,102.36573178161177,10.30555172246829,4,2,619.9296668467599,446.5344331627741,6
./4830336371/Task_1_3_3.json,140.3133824092264,62.197528631444,35.0783456023066,15.549382157861,4,0,0.0,0.0,4
./4830336371/Task_1_5_1.json,474.7406348080052,45.71412679032932,118.6851587020013,11.42853169758233,4,2,112.03908048335435,257.2877766237642,6
./4830336371/Task_1_5_1.json,474.7406348080052,45.71412679032932,118.6851587020013,11.42853169758233,4,2,-475.29096393724757,418.14471179246067,6
./4830336371/Task_1_5_10_secondary.json,243.03883764493798,65.88552237874961,60.759709411234496,16.471380594687403,4,2,-65.6178193423973,303.0659994126692,6
./4830336371/Task_1_5_10_secondary.json,243.03883764493798,65.88552237874961,60.759709411234496,16.471380594687403,4,2,-127.78252993663534,341.5025622158639,6
./4830336371/Task_1_5_3_secondary.json,169.24162458789604,35.04953846119767,42.31040614697401,8.762384615299418,4,2,243.19229664409067,236.59670327373541,6
./4830336371/Task_1_5_3_secondary.json,169.24162458789604,35.04953846119767,42.31040614697401,8.762384615299418,4,2,-432.7693269813767,418.7242529398076,6
./4830336371/Task_1_3_9.json,369.3889088535044,36.61128388855992,92.3472272133761,9.15282097213998,4,0,0.0,0.0,4
./4830336371/Task_1_1_4_secondary.json,66.09109528500821,8.274769689851496,33.045547642504104,4.137384844925748,2,0,0.0,0.0,2
./2999828357/Task_1_1_8_secondary.json,70.24273279038685,5.848307877425896,35.12136639519343,2.924153938712948,2,0,0.0,0.0,2
./2999828357/Task_1_1_6_secondary.json,127.08804334397973,23.15475858777242,63.54402167198987,11.57737929388621,2,0,0.0,0.0,2
./2999828357/Task_1_3_6.json,212.24115432546787,26.43537752858009,53.06028858136697,6.608844382145023,4,0,0.0,0.0,4
./2999828357/Task_1_3_1.json,723.3797317509312,189.3521660304603,180.8449329377328,47.338041507615074,4,0,0.0,0.0,4
./2999828357/Task_1_3_9_secondary.json,485.4691455840761,205.98700815401986,121.36728639601903,51.496752038504965,4,0,0.0,0.0,4
./2999828357/Task_1_5_9_secondary.json,479.1753173473235,121.40101734235131,79.86255289122059,20.233502890391886,6,0,0.0,0.0,6
./2999828357/Task_1_5_6_secondary.json,512.1526792424804,346.47816043191244,102.43053584849608,69.29563208638248,5,1,619.9296668467599,446.5344331627741,6
./2999828357/Task_1_1_10_secondary.json,176.7311140642818,4.178888478239273,88.3655570321409,2.0894442391196364,2,0,0.0,0.0,2
./2999828357/Task_1_5_5_secondary.json,657.5335616199723,221.1960131241858,109.58892693666205,36.8660021873643,6,0,0.0,0.0,6
./2999828357/Task_1_5_1_secondary.json,609.5551413149727,190.67755028615926,121.91102826299455,38.135510057231855,5,1,-475.29096393724757,418.14471179246067,6
./2999828357/Task_1_5_7_secondary.json,325.64787748180254,131.47003005405588,65.1295754963605,26.294006010811177,5,1,298.8114548819815,300.0933188193299,6
./2999828357/Task_1_5_3.json,640.4865966115511,249.20284884821274,106.7477661019252,41.53380814136879,6,0,0.0,0.0,6
./2999828357/Task_1_5_2.json,639.6264135612299,130.37957233407394,127.92528271224599,26.075914466814787,5,1,-512.7342572418446,434.9942528355978,6
./2999828357/Task_1_3_7.json,987.6189228562403,264.6911292085125,246.90473071406007,66.17278230212813,4,0,0.0,0.0,4
./2999828357/Task_1_3_10.json,641.1806595592984,116.94896477576518,160.2951648898246,29.237241193941294,4,0,0.0,0.0,4
./2999828357/Task_1_3_5.json,826.2280899161218,139.2707171706641,206.55702247903045,34.81767929266603,4,0,0.0,0.0,4
./2999828357/Task_1_1_1.json,73.71355310873648,6.44138564134569,36.85677655436824,3.220692820672845,2,0,0.0,0.0,2
./2999828357/Task_1_5_4_secondary.json,528.653172600828,426.9863288429643,88.10886210013801,71.16438814049405,6,0,0.0,0.0,6
./2999828357/Task_1_3_8.json,420.52360775064454,63.153819308291204,105.13090193766114,15.788454827072801,4,0,0.0,0.0,4
./2999828357/Task_1_1_7.json,417.3959291050386,2.8256752069099633,208.6979645525193,1.4128376034549817,2,0,0.0,0.0,2
./2999828357/Task_1_1_5.json,71.93291897937614,3.2597077630650158,35.96645948968807,1.6298538815325079,2,0,0.0,0.0,2
./2999828357/Task_1_3_2.json,216.85047903613574,24.809279867932105,54.212619759033934,6.202319966983026,4,0,0.0,0.0,4
./2999828357/Task_1_1_2_secondary.json,167.9931848138054,12.724355409337996,83.9965924069027,6.362177704668998,2,0,0.0,0.0,2
./2999828357/Task_1_3_3_secondary.json,225.43609238098009,18.248452405486248,56.35902309524502,4.562113101371562,4,0,0.0,0.0,4
./2999828357/Task_1_5_8_secondary.json,526.3048964682424,177.48053792421865,105.26097929364849,35.49610758484373,5,1,684.8964337766696,246.78938388836744,6
./2999828357/Task_1_5_10.json,743.452453726823,117.57116647234929,148.6904907453646,23.514233294469857,5,1,592.5451338845716,356.08987629529713,6
./2999828357/Task_1_3_4.json,243.7253491818971,63.94092547242147,60.93133729547427,15.985231368105367,4,0,0.0,0.0,4
./2999828357/Task_1_1_4_secondary.json,81.69789364786429,4.159976905210442,40.848946823932145,2.079988452605221,2,0,0.0,0.0,2
./2999828357/Task_1_1_3_secondary.json,77.24400411076405,5.255059913523787,38.622002055382026,2.6275299567618937,2,0,0.0,0.0,2
./8346835623/Task_1_1_2.json,164.5770074486593,34.434970107496916,82.28850372432964,17.217485053748458,2,0,0.0,0.0,2
./8346835623/Task_1_1_8_secondary.json,94.43735488407822,11.25995047227795,47.21867744203911,5.629975236138975,2,0,0.0,0.0,2
./8346835623/Task_1_1_6_secondary.json,84.20128616033594,26.41665542256321,42.10064308016797,13.208327711281605,2,0,0.0,0.0,2
./8346835623/Task_1_3_8_secondary.json,457.4594220186208,57.154901883377846,114.3648555046552,14.288725470844462,4,0,0.0,0.0,4
./8346835623/Task_1_3_1.json,332.4751114753826,17.90586486172662,83.11877786884565,4.476466215431655,4,0,0.0,0.0,4
./8346835623/Task_1_3_9_secondary.json,267.50688813983203,200.1078459350709,66.87672203495801,50.02696148376773,4,0,0.0,0.0,4
./8346835623/Task_1_1_7_secondary.json,63.969094312735336,56.78014335118826,31.984547156367668,28.39007167559413,2,0,0.0,0.0,2
./8346835623/Task_1_5_4.json,543.8903305609689,268.72368151140734,90.64838842682815,44.78728025190122,6,0,0.0,0.0,6
./8346835623/Task_1_3_6_secondary.json,282.3640754446548,32.31012459923112,70.5910188611637,8.07753114980778,4,0,0.0,0.0,4
./8346835623/Task_1_5_7_secondary.json,442.1069338121626,272.912398729973,73.68448896869377,45.485399788328834,6,0,0.0,0.0,6
./8346835623/Task_1_5_3.json,600.002419219533,386.1723371645511,100.00040320325549,64.36205619409185,6,0,0.0,0.0,6
./8346835623/Task_1_1_4.json,58.44997055358225,35.94589536770391,29.224985276791124,17.972947683851956,2,0,0.0,0.0,2
./8346835623/Task_1_3_10.json,558.9933965583313,194.08298646492867,139.7483491395828,48.52074661623217,4,0,0.0,0.0,4
./8346835623/Task_1_3_2_secondary.json,260.82987408656606,42.233263527415275,65.20746852164152,10.558315881853819,4,0,0.0,0.0,4
./8346835623/Task_1_1_5_secondary.json,131.89498459739173,6.183224694009157,65.94749229869586,3.0916123470045784,2,0,0.0,0.0,2
./8346835623/Task_1_3_5.json,439.38835006054296,42.32490137579481,109.84708751513574,10.581225343948702,4,0,0.0,0.0,4
./8346835623/Task_1_1_1.json,61.06659275674582,8.31025776886996,30.53329637837291,4.15512888443498,2,0,0.0,0.0,2
./8346835623/Task_1_5_9.json,769.3942848141495,223.6672824499937,128.23238080235825,37.27788040833229,6,0,0.0,0.0,6
./8346835623/Task_1_1_10.json,25.485281374238568,2.3672915248339734,12.742640687119284,1.1836457624169867,2,0,0.0,0.0,2
./8346835623/Task_1_3_7_secondary.json,613.7521017556395,298.0316275850007,153.43802543890988,74.50790689625018,4,0,0.0,0.0,4
./8346835623/Task_1_5_5.json,273.38824038575956,132.48537491613004,45.56470673095993,22.080895819355007,6,0,0.0,0.0,6
./8346835623/Task_1_5_6.json,961.9791432579391,437.03821970461934,160.32985720965652,72.83970328410322,6,0,0.0,0.0,6
./8346835623/Task_1_1_9_secondary.json,177.84154375746647,43.28799149936492,88.92077187873323,21.64399574968246,2,0,0.0,0.0,2
./8346835623/Task_1_5_1.json,748.6180586237705,257.93224923863477,149.7236117247541,51.58644984772695,5,1,-475.29096393724757,418.14471179246067,6
./8346835623/Task_1_3_3_secondary.json,531.9506296340904,141.5808298101076,132.9876574085226,35.3952074525269,4,0,0.0,0.0,4
./8346835623/Task_1_5_10_secondary.json,485.48727231890535,270.73062303220826,80.91454538648422,45.12177050536804,6,0,0.0,0.0,6
./8346835623/Task_1_5_8_secondary.json,448.84454690488417,369.0853285085825,74.80742448414736,61.51422141809709,6,0,0.0,0.0,6
./8346835623/Task_1_3_4.json,541.9653244677816,29.15759499806839,135.4913311169454,7.2893987495170975,4,0,0.0,0.0,4
./8346835623/Task_1_1_3_secondary.json,146.63330765278394,19.55354254935451,73.31665382639197,9.776771274677255,2,0,0.0,0.0,2
./9793764153/Task_1_1_8_secondary.json,34.88651545214485,9.16891768437133,17.443257726072424,4.584458842185665,2,0,0.0,0.0,2
./9793764153/Task_1_3_10_secondary.json,482.20285924656457,202.81778242134112,120.55071481164114,50.70444560533528,4,0,0.0,0.0,4
./9793764153/Task_1_3_6.json,422.39302246509044,59.35787355904358,105.59825561627261,14.839468389760896,4,0,0.0,0.0,4
./9793764153/Task_1_5_9_secondary.json,342.458319312542,320.9630576662937,68.4916638625084,64.19261153325874,5,1,217.20871299282632,168.61791126686393,6
./9793764153/Task_1_5_6_secondary.json,428.4562475942672,319.96903972809184,85.69124951885344,63.99380794561837,5,1,95.25824598584678,172.03778654702577,6
./9793764153/Task_1_5_5_secondary.json,427.2049630464394,209.5403663739276,85.44099260928787,41.90807327478552,5,1,-27.53450726551379,69.92138442565336,6
./9793764153/Task_1_5_7_secondary.json,313.2553648112157,270.58182272862075,62.65107296224314,54.11636454572415,5,1,1.0,1.0,6
./9793764153/Task_1_1_6.json,79.0,26.376568678157696,39.5,13.188284339078848,2,0,0.0,0.0,2
./9793764153/Task_1_3_4_secondary.json,543.5110863597422,31.843474511114692,135.87777158993555,7.960868627778673,4,0,0.0,0.0,4
./9793764153/Task_1_5_3.json,432.63914975998046,327.00163935799753,72.10652495999675,54.50027322633292,6,0,0.0,0.0,6
./9793764153/Task_1_3_7.json,304.82765690414897,42.378959316197694,76.20691422603724,10.594739829049423,4,0,0.0,0.0,4
./9793764153/Task_1_1_4.json,117.84719561882841,4.913926222271641,58.923597809414204,2.4569631111358206,2,0,0.0,0.0,2
./9793764153/Task_1_3_5.json,515.3067896552787,26.524010261648783,128.8266974138197,6.631002565412196,4,0,0.0,0.0,4
./9793764153/Task_1_1_1.json,76.38498714102154,15.161405177378597,38.19249357051077,7.580702588689299,2,0,0.0,0.0,2
./9793764153/Task_1_5_4_secondary.json,377.69446702781664,288.2445005976113,62.94907783796944,48.04075009960189,6,0,0.0,0.0,6
./9793764153/Task_1_3_8.json,396.3581095667829,79.62438782386258,99.08952739169573,19.906096955965644,4,0,0.0,0.0,4
./9793764153/Task_1_1_7.json,92.27686615092288,52.012995413151486,46.13843307546144,26.006497706575743,2,0,0.0,0.0,2
./9793764153/Task_1_1_5.json,80.0,7.858096960690247,40.0,3.9290484803451236,2,0,0.0,0.0,2
./9793764153/Task_1_1_3.json,36.88943763245029,6.445364069407326,18.444718816225144,3.222682034703663,2,0,0.0,0.0,2
./9793764153/Task_1_3_2.json,146.67833440020007,65.8256214104709,36.66958360005002,16.456405352617725,4,0,0.0,0.0,4
./9793764153/Task_1_5_2_secondary.json,465.5484308298136,138.3998856073138,93.10968616596271,27.67997712146276,5,1,-512.7342572418446,434.9942528355978,6
./9793764153/Task_1_1_2_secondary.json,44.643294528180704,14.872471734692681,22.321647264090352,7.4362358673463405,2,0,0.0,0.0,2
./9793764153/Task_1_1_9_secondary.json,97.43397729149174,7.42444840123008,48.71698864574587,3.71222420061504,2,0,0.0,0.0,2
./9793764153/Task_1_5_1.json,641.2403577737624,270.9537987751022,106.87339296229374,45.158966462517036,6,0,0.0,0.0,6
./9793764153/Task_1_3_3_secondary.json,230.90088265582511,63.9827429862424,57.72522066395628,15.9956857465606,4,0,0.0,0.0,4
./9793764153/Task_1_5_10_secondary.json,573.2550578645478,162.53109406118492,95.5425096440913,27.08851567686415,6,0,0.0,0.0,6
./9793764153/Task_1_5_8_secondary.json,584.9842861063993,285.75257285906866,97.49738101773322,47.62542880984478,6,0,0.0,0.0,6
./9793764153/Task_1_3_9.json,193.45990722375242,73.22472432695216,48.364976805938106,18.30618108173804,4,0,0.0,0.0,4
./9793764153/Task_1_3_1_secondary.json,258.22530749705174,338.90923486185955,64.55632687426294,84.72730871546489,4,0,0.0,0.0,4
./4217429651/Task_1_5_8.json,611.7643156166455,154.6898120302867,101.96071926944092,25.78163533838112,6,0,0.0,0.0,6
./4217429651/Task_1_1_8_secondary.json,101.25278673861123,8.007301618992337,50.62639336930562,4.003650809496168,2,0,0.0,0.0,2
./4217429651/Task_1_1_6_secondary.json,45.09850166298045,19.90099856757071,22.549250831490227,9.950499283785355,2,0,0.0,0.0,2
./4217429651/Task_1_3_6.json,313.6470022130685,10.245476025028232,78.41175055326713,2.561369006257058,4,0,0.0,0.0,4
./4217429651/Task_1_3_9_secondary.json,352.38784215096575,70.54676585426321,88.09696053774144,17.636691463565803,4,0,0.0,0.0,4
./4217429651/Task_1_1_7_secondary.json,61.335037349222915,46.113857691642295,30.667518674611458,23.056928845821147,2,0,0.0,0.0,2
./4217429651/Task_1_5_9_secondary.json,414.29197424925854,126.04265045222306,69.04866237487643,21.007108408703843,6,0,0.0,0.0,6
./4217429651/Task_1_1_9.json,68.81236017311244,14.694820344167042,34.40618008655622,7.347410172083521,2,0,0.0,0.0,2
./4217429651/Task_1_5_1_secondary.json,439.01498456036256,198.9859971556985,87.80299691207252,39.7971994311397,5,1,-475.29096393724757,418.14471179246067,6
./4217429651/Task_1_3_4_secondary.json,452.45545614766024,78.16778164980349,113.11386403691506,19.541945412450872,4,0,0.0,0.0,4
./4217429651/Task_1_5_2.json,624.1235566179373,197.5655070179438,124.82471132358747,39.513101403588756,5,1,-512.7342572418446,434.9942528355978,6
./4217429651/Task_1_3_10.json,320.0448805008178,236.7294508293613,80.01122012520445,59.182362707340324,4,0,0.0,0.0,4
./4217429651/Task_1_1_5_secondary.json,132.88431208766534,11.53224725190357,66.44215604383267,5.766123625951785,2,0,0.0,0.0,2
./4217429651/Task_1_3_5.json,481.0352661912803,65.80233537819107,120.25881654782008,16.45058384454777,4,0,0.0,0.0,4
./4217429651/Task_1_1_1.json,60.7685419917056,2.993199541883982,30.3842709958528,1.496599770941991,2,0,0.0,0.0,2
./4217429651/Task_1_5_4_secondary.json,458.37249223228923,307.01392888274995,91.67449844645785,61.40278577654999,5,1,121.67839033464587,146.74126890551273,6
./4217429651/Task_1_3_8.json,348.36625792607924,136.26519412999153,87.09156448151981,34.06629853249788,4,0,0.0,0.0,4
./4217429651/Task_1_3_7_secondary.json,352.891478567134,37.9234817493048,88.2228696417835,9.4808704373262,4,0,0.0,0.0,4
./4217429651/Task_1_5_5.json,366.0041785283975,173.13365075656503,73.20083570567951,34.626730151313005,5,1,1.0,1.0,6
./4217429651/Task_1_5_6.json,384.14310954735686,119.85173359859046,64.02385159122615,19.97528893309841,6,0,0.0,0.0,6
./4217429651/Task_1_3_2.json,229.57534896558064,22.57598244033582,57.39383724139516,5.643995610083955,4,0,0.0,0.0,4
./4217429651/Task_1_1_2_secondary.json,79.7267986151437,10.216297132629983,39.86339930757185,5.108148566314991,2,0,0.0,0.0,2
./4217429651/Task_1_3_3.json,268.3462350549872,33.190919343786604,67.0865587637468,8.297729835946651,4,0,0.0,0.0,4
./4217429651/Task_1_5_7.json,656.9401128932946,167.62734065782325,109.49001881554909,27.93789010963721,6,0,0.0,0.0,6
./4217429651/Task_1_5_3_secondary.json,453.097162386146,163.7198255130738,75.51619373102433,27.2866375855123,6,0,0.0,0.0,6
./4217429651/Task_1_5_10.json,655.6120541261769,114.207487258829,131.12241082523536,22.8414974517658,5,1,-35.74503265785297,216.33307652783935,6
./4217429651/Task_1_1_4_secondary.json,32.1245154965971,24.609746850386713,16.06225774829855,12.304873425193357,2,0,0.0,0.0,2
./4217429651/Task_1_3_1_secondary.json,276.96231020083366,41.93150338829693,69.24057755020841,10.482875847074233,4,0,0.0,0.0,4
./4217429651/Task_1_1_3_secondary.json,108.84985911070852,20.03880842844329,54.42492955535426,10.019404214221645,2,0,0.0,0.0,2
./7786511601/Task_1_1_2.json,110.85519062986661,5.315316202142284,55.427595314933306,2.657658101071142,2,0,0.0,0.0,2
./7786511601/Task_1_3_8_secondary.json,499.7373572775982,46.882349258919746,124.93433931939956,11.720587314729936,4,0,0.0,0.0,4
./7786511601/Task_1_3_10_secondary.json,378.6005296792679,32.76029003690431,94.65013241981697,8.190072509226077,4,0,0.0,0.0,4
./7786511601/Task_1_3_6.json,95.75973717516975,12.104039733836515,31.919912391723248,4.034679911278839,3,1,1.0,1.0,4
./7786511601/Task_1_1_7_secondary.json,63.769243310187164,47.457002524661675,31.884621655093582,23.728501262330838,2,0,0.0,0.0,2
./7786511601/Task_1_5_9_secondary.json,430.5646683293922,56.881044626778376,86.11293366587844,11.376208925355675,5,1,-1040.0748893183727,302.33259830855155,6
./7786511601/Task_1_1_9.json,117.1570464261799,4.508296681078228,58.57852321308995,2.254148340539114,2,0,0.0,0.0,2
./7786511601/Task_1_1_8.json,49.72943744923417,4.530410439546067,24.864718724617084,2.2652052197730335,2,0,0.0,0.0,2
./7786511601/Task_1_1_10_secondary.json,30.510629022133777,2.726311459165828,15.255314511066889,1.363155729582914,2,0,0.0,0.0,2
./7786511601/Task_1_5_5_secondary.json,345.21816625086734,359.0702453742954,69.04363325017347,71.81404907485907,5,1,1.0,1.0,6
./7786511601/Task_1_5_7_secondary.json,368.44985465356046,310.71364099253225,61.408309108926744,51.78560683208871,6,0,0.0,0.0,6
./7786511601/Task_1_1_6.json,59.55936430379216,7.264293960681627,29.77968215189608,3.6321469803408135,2,0,0.0,0.0,2
./7786511601/Task_1_5_3.json,730.7889335027121,379.9952239929811,121.79815558378534,63.33253733216352,6,0,0.0,0.0,6
./7786511601/Task_1_3_7.json,648.3850949254535,143.79540799404413,162.09627373136337,35.94885199851103,4,0,0.0,0.0,4
./7786511601/Task_1_1_5_secondary.json,52.13417282466081,3.4724884660658657,26.067086412330404,1.7362442330329328,2,0,0.0,0.0,2
./7786511601/Task_1_3_5_secondary.json,877.375666698555,215.918049041408,219.34391667463876,53.979512260352,4,0,0.0,0.0,4
./7786511601/Task_1_1_1.json,62.29022451885808,4.97382331226477,31.14511225942904,2.486911656132385,2,0,0.0,0.0,2
./7786511601/Task_1_5_4_secondary.json,452.48210965767987,298.0937689829476,90.49642193153598,59.61875379658952,5,1,110.7203423408009,390.3857067055606,6
./7786511601/Task_1_1_3.json,40.17578870681187,6.747302696105024,20.087894353405936,3.373651348052512,2,0,0.0,0.0,2
./7786511601/Task_1_3_2.json,369.92985647647333,44.12577349030866,92.48246411911833,11.031443372577165,4,0,0.0,0.0,4
./7786511601/Task_1_5_2_secondary.json,392.5667029021737,56.00091242431135,65.42778381702895,9.333485404051892,6,0,0.0,0.0,6
./7786511601/Task_1_5_1.json,692.8108592455244,250.32219520849418,115.46847654092073,41.72036586808236,6,0,0.0,0.0,6
./7786511601/Task_1_3_3_secondary.json,180.6430656801407,36.677203612945306,45.16076642003517,9.169300903236326,4,0,0.0,0.0,4
./7786511601/Task_1_5_8_secondary.json,124.40756014415717,81.19716016389907,24.881512028831434,16.239432032779813,5,1,53.83700514424237,54.08326913195984,6
./7786511601/Task_1_3_9.json,361.6516304530786,41.32190151099529,90.41290761326965,10.330475377748822,4,0,0.0,0.0,4
./7786511601/Task_1_5_10.json,458.59089273666814,107.00483795654107,76.43181545611135,17.83413965942351,6,0,0.0,0.0,6
./7786511601/Task_1_3_4.json,400.59448526778004,25.021880198458092,100.14862131694501,6.255470049614523,4,0,0.0,0.0,4
./7786511601/Task_1_1_4_secondary.json,137.02702209328697,12.271326076959227,68.51351104664349,6.135663038479613,2,0,0.0,0.0,2
./7786511601/Task_1_3_1_secondary.json,339.5374523364203,31.84481737674028,84.88436308410508,7.96120434418507,4,0,0.0,0.0,4
./5012461204/Task_1_1_1_secondary.json,56.04543109109048,11.19228261970514,28.02271554554524,5.59614130985257,2,0,0.0,0.0,2
./5012461204/Task_1_1_2.json,54.45074647356521,9.35986236588711,27.225373236782605,4.679931182943555,2,0,0.0,0.0,2
./5012461204/Task_1_1_8_secondary.json,44.66116842933704,0.6758060883099688,22.33058421466852,0.3379030441549844,2,0,0.0,0.0,2
./5012461204/Task_1_3_10_secondary.json,262.6507800939546,92.68608487078852,65.66269502348865,23.17152121769713,4,0,0.0,0.0,4
./5012461204/Task_1_3_1.json,218.33991220946734,24.934221800047517,54.584978052366836,6.233555450011879,4,0,0.0,0.0,4
./5012461204/Task_1_3_9_secondary.json,125.32196919789064,60.197717455790794,31.33049229947266,15.049429363947699,4,0,0.0,0.0,4
./5012461204/Task_1_1_7_secondary.json,124.44091228084604,44.54435360443017,62.22045614042302,22.272176802215085,2,0,0.0,0.0,2
./5012461204/Task_1_5_9_secondary.json,192.4585710721001,146.4436256596622,38.49171421442002,29.288725131932438,5,1,-185.13028149551613,348.2427314388629,6
./5012461204/Task_1_1_9.json,79.58027855154553,9.587881491250336,39.790139275772766,4.793940745625168,2,0,0.0,0.0,2
./5012461204/Task_1_5_6_secondary.json,263.13778980338714,126.11697685484673,52.62755796067743,25.223395370969346,5,1,-824.00786127435,286.5658737533135,6
./5012461204/Task_1_1_10_secondary.json,124.18208245057383,8.603288985484042,62.091041225286915,4.301644492742021,2,0,0.0,0.0,2
./5012461204/Task_1_3_6_secondary.json,145.27812812396772,53.593509871671145,36.31953203099193,13.398377467917786,4,0,0.0,0.0,4
./5012461204/Task_1_5_7_secondary.json,313.6069466577134,213.97425110388667,52.26782444295224,35.66237518398111,6,0,0.0,0.0,6
./5012461204/Task_1_1_6.json,41.31877152588567,3.3412403505152213,20.659385762942836,1.6706201752576106,2,0,0.0,0.0,2
./5012461204/Task_1_3_7.json,322.3581207155289,33.17366339428838,80.58953017888223,8.293415848572096,4,0,0.0,0.0,4
./5012461204/Task_1_1_4.json,199.20148057620764,1.8184762354822794,99.60074028810382,0.9092381177411397,2,0,0.0,0.0,2
./5012461204/Task_1_3_5.json,223.31023309805084,48.62989904197933,55.82755827451271,12.157474760494832,4,0,0.0,0.0,4
./5012461204/Task_1_5_4_secondary.json,296.184094189976,336.86924947713914,59.2368188379952,67.37384989542782,5,1,110.7203423408009,390.3857067055606,6
./5012461204/Task_1_3_8.json,270.5065199453068,13.908658754182568,67.6266299863267,3.477164688545642,4,0,0.0,0.0,4
./5012461204/Task_1_1_3.json,49.652760696890596,7.713327275551599,24.826380348445298,3.8566636377757995,2,0,0.0,0.0,2
./5012461204/Task_1_5_5.json,218.3661261130152,95.05172568692623,54.5915315282538,23.762931421731558,4,2,548.8975610661598,304.8032152061392,6
./5012461204/Task_1_5_5.json,218.3661261130152,95.05172568692623,54.5915315282538,23.762931421731558,4,2,-181.9867259380632,203.59027481684876,6
./5012461204/Task_1_3_2.json,205.39431201074,53.996927103638384,51.348578002685,13.499231775909596,4,0,0.0,0.0,4
./5012461204/Task_1_5_2_secondary.json,386.648872550524,154.5136417921076,77.3297745101048,30.90272835842152,5,1,-433.77555344812913,615.8027281524498,6
./5012461204/Task_1_3_3.json,512.3887530647311,118.06812386898102,128.09718826618277,29.517030967245255,4,0,0.0,0.0,4
./5012461204/Task_1_5_1.json,648.6995312463874,198.66432870903964,129.73990624927748,39.73286574180793,5,1,-500.03429415764555,402.87467033805933,6
./5012461204/Task_1_5_10_secondary.json,507.54827290930353,84.99452877310561,84.59137881821725,14.165754795517602,6,0,0.0,0.0,6
./5012461204/Task_1_5_8_secondary.json,284.2163218063115,50.53494022649035,56.8432643612623,10.10698804529807,5,1,53.83700514424237,54.08326913195984,6
./5012461204/Task_1_5_3_secondary.json,283.58463680324667,193.50551784241625,56.716927360649336,38.70110356848325,5,1,-186.8639535303271,403.6000495540108,6
./5012461204/Task_1_3_4.json,177.49278999631446,47.91948409483888,44.373197499078614,11.97987102370972,4,0,0.0,0.0,4
